0.02881612 0.31368197 0.16703798 0.01916380 1.46151135 1.00000000
0.35020098 0.39986918 0.53765045 0.00795706 1.84194930 1.00000000
0.22088988 0.85708749 0.05367311 0.01779434 1.52466942 1.00000000
0.55547002 0.16011584 0.21466408 0.01728282 1.18225015 0.00000000
0.32650751 0.67883630 0.84999546 0.01640031 2.08572529 1.00000000
0.06963785 0.19173671 0.85305328 0.03000769 0.40409990 0.00000000
0.93862073 0.53176963 0.68380259 0.01631464 1.25823713 1.00000000
0.81599265 0.04511151 0.73621549 0.02044079 1.32883899 1.00000000
0.29607180 0.76868868 0.13146803 0.01953604 1.46929196 0.00000000
0.30745552 0.30200830 0.15484090 0.02491860 1.31287010 1.00000000
0.22757229 0.27850966 0.49203908 0.02484977 1.08535780 1.00000000
0.16436513 0.58484709 0.68978572 0.02155469 1.12982090 1.00000000
0.68628971 0.41775974 0.06872957 0.01601459 1.27080378 1.00000000
0.51407737 0.92035568 0.58183611 0.01264310 2.10350750 1.00000000
0.16337245 0.78685775 0.40451196 0.02968562 0.45263897 0.00000000
0.35812308 0.73374815 0.71062225 0.03002763 1.10523924 1.00000000
0.73443809 0.35883621 0.28505960 0.01934828 1.32269123 0.00000000
0.93396808 0.65258667 0.61361340 0.02491970 0.83075969 0.00000000
0.45337628 0.57296808 0.41449018 0.03118651 1.08178912 1.00000000
0.56875783 0.03607769 0.60931984 0.02842748 1.14623193 1.00000000
0.86760532 0.36405112 0.88912494 0.01439236 1.61033056 1.00000000
0.90691445 0.68088491 0.97123966 0.02337679 0.44469462 0.00000000
0.91990638 0.69104500 0.07873045 0.00494083 2.71784300 0.00000000
0.89797409 0.69899880 0.14652069 0.00151340 19.06099074 0.00000000
0.03860984 0.25175466 0.85216375 0.00182970 5.82351175 1.00000000
0.82532880 0.14252573 0.28996661 0.00406709 5.85690225 1.00000000
0.55674640 0.05243429 0.77953073 0.02377066 1.44042645 1.00000000
0.39479805 0.84105165 0.73183367 0.02569590 1.17441438 1.00000000
0.08148494 0.13990040 0.06687217 0.01978969 0.67769520 0.00000000
0.70615893 0.55780200 0.02818714 0.00915020 1.70955080 1.00000000
0.56332846 0.22408434 0.26968100 0.03208080 1.06549411 1.00000000
0.57658958 0.94246691 0.82649732 0.02441569 0.60967919 0.00000000
0.61446106 0.81391170 0.17251230 0.01560086 1.43224391 1.00000000
0.48667404 0.60376813 0.56719290 0.00534525 2.19831543 1.00000000
0.57407002 0.38867112 0.54732241 0.02972421 1.16791673 1.00000000
0.27871840 0.09179028 0.37771005 0.01026316 2.60454072 0.00000000
0.73941688 0.08941166 0.27296400 0.02073653 0.73562698 0.00000000
0.63085005 0.52314707 0.89857877 0.02621151 0.56600541 0.00000000
0.72707514 0.76292562 0.89395258 0.01180156 0.98707530 0.00000000
0.25249548 0.60880665 0.91836486 0.03165037 0.32697212 0.00000000
0.88684783 0.63177032 0.39761880 0.02381951 1.00406487 0.00000000
0.54699764 0.90424548 0.89718084 0.01182318 2.12360507 1.00000000
0.19673547 0.15243683 0.16057516 0.02768864 1.23088603 1.00000000
0.92717759 0.81193235 0.03752946 0.02003966 0.52586320 0.00000000
0.14484120 0.79787914 0.35056186 0.01128924 1.62115396 1.00000000
0.85281361 0.82105791 0.87754977 0.02279715 1.07690446 0.00000000
0.78412124 0.29611155 0.49072623 0.00987985 2.39463918 1.00000000
0.58869475 0.43707241 0.79162232 0.02271499 0.45733369 0.00000000
0.57269835 0.20494786 0.76885089 0.02692566 1.20042423 1.00000000
0.42433296 0.66978115 0.89689033 0.02261324 0.50181814 0.00000000
0.38528867 0.94035389 0.59732745 0.03293122 1.04517789 1.00000000
0.62001017 0.29908033 0.58136472 0.01870828 1.30251361 0.00000000
0.73863230 0.68528482 0.84097467 0.01276723 2.46395139 1.00000000
0.45356987 0.38857271 0.41570584 0.01975349 1.35518913 1.00000000
0.61691143 0.43311242 0.95434026 0.00893483 2.00726884 0.00000000
0.43074985 0.35199937 0.78119804 0.02240771 0.66781685 0.00000000
0.65184657 0.28556338 0.26891403 0.00620525 5.25297818 1.00000000
0.78272804 0.56782653 0.71814831 0.02112632 1.09781845 0.00000000
0.56472597 0.46776755 0.35212880 0.01813813 1.61384328 1.00000000
0.09638580 0.96356786 0.19430651 0.01553114 1.25220081 1.00000000
0.67610199 0.56495352 0.18312417 0.00990346 3.21847465 1.00000000
0.23725577 0.58840179 0.32061024 0.01107361 1.68231575 0.00000000
0.27350325 0.13714083 0.21367567 0.00330862 9.89564515 0.00000000
0.22507248 0.26260730 0.83133117 0.01703771 1.65601097 1.00000000
0.24754349 0.12270680 0.51503079 0.01516656 1.67586600 1.00000000
0.61633062 0.54203171 0.64720834 0.01702811 0.81141080 0.00000000
0.23845263 0.51820976 0.76845905 0.02536590 1.13491703 1.00000000
0.85907816 0.83191275 0.53701354 0.01471262 1.23085211 1.00000000
0.80382696 0.82961860 0.12650135 0.01166404 2.89309299 1.00000000
0.60400612 0.78267045 0.06089366 0.00838559 3.28992123 1.00000000
0.27411042 0.27163900 0.62436846 0.00744350 3.80106415 0.00000000
0.44944882 0.76540976 0.96039352 0.02340347 1.27821694 1.00000000
0.88690639 0.54006791 0.95770302 0.01105363 1.22811644 0.00000000
0.54277960 0.52453812 0.16147222 0.02329760 1.49576910 1.00000000
0.17354804 0.73612369 0.04858726 0.01560104 0.68299694 0.00000000
0.68021239 0.67858909 0.20878052 0.02507401 1.25862012 1.00000000
0.96511434 0.21880147 0.26042341 0.01261674 1.94499023 1.00000000
0.45951147 0.08304682 0.50801424 0.02351095 1.22301797 1.00000000
0.30978100 0.05662445 0.58769304 0.02576525 1.16300472 1.00000000
0.73393064 0.51043124 0.53834126 0.02420166 0.80677938 0.00000000
0.06490659 0.69479903 0.46743986 0.01578250 1.90711335 0.00000000
0.78691177 0.68637370 0.75210708 0.02249465 1.14892506 1.00000000
0.43331688 0.80332188 0.61841939 0.02501134 1.24528638 1.00000000
0.03174729 0.07879189 0.45973727 0.00644470 1.85573862 0.00000000
0.74815639 0.39761684 0.74044185 0.00709407 1.50753842 0.00000000
0.47903043 0.47513958 0.78991942 0.00157053 13.53183127 0.00000000
0.06801554 0.75556169 0.15067293 0.02571930 1.26819734 1.00000000
0.53661098 0.02895983 0.92764200 0.02330465 0.44021707 0.00000000
0.88749170 0.16927104 0.18062856 0.01307998 2.28587245 0.00000000
0.88454390 0.96428010 0.70005903 0.02091929 1.22195325 1.00000000
0.40752523 0.26663602 0.19534342 0.01645594 1.98908953 1.00000000
0.16874292 0.27894552 0.79925897 0.02739285 1.10668548 1.00000000
0.28317209 0.53126904 0.32761182 0.02964523 1.16580079 1.00000000
0.43805340 0.51146690 0.90940335 0.02658144 0.72095114 0.00000000
0.86863702 0.05434532 0.52078903 0.02575972 1.08393915 1.00000000
0.55473938 0.67794888 0.45589675 0.02572999 1.22375594 1.00000000
0.03520632 0.57271083 0.32138126 0.01905889 0.90521667 0.00000000
0.43143523 0.26443817 0.37997703 0.02360541 1.39417820 1.00000000
0.82073835 0.89141627 0.24654307 0.00288996 11.56474603 1.00000000
0.32034434 0.18522203 0.60365112 0.00987037 1.58887151 1.00000000
0.20475874 0.68929195 0.25654134 0.02260515 1.34521533 1.00000000
0.07908460 0.24235366 0.65590912 0.01557483 1.20224058 0.00000000
0.19004069 0.56738517 0.97335655 0.00497070 4.62216141 1.00000000
0.94630506 0.87652002 0.58964556 0.01753409 1.41777069 0.00000000
0.07636600 0.45295410 0.37858581 0.00594905 2.07418618 1.00000000
0.93946236 0.74862145 0.80138339 0.03131476 0.45344695 0.00000000
0.47814855 0.03980312 0.36105732 0.00688723 3.87939963 1.00000000
0.47044530 0.45987190 0.15864829 0.01734420 1.62891803 1.00000000
0.33064075 0.95562960 0.23684162 0.02707373 1.06955918 1.00000000
0.74282243 0.46556911 0.14258707 0.01387206 1.66503041 1.00000000
0.66578996 0.75762672 0.14747216 0.01393056 1.62326443 1.00000000
0.79538732 0.03556158 0.66434600 0.02039999 1.12632713 1.00000000
0.89168540 0.63632033 0.03279745 0.01695457 1.25223849 0.00000000
0.80907557 0.63952778 0.66248792 0.02241188 1.40474371 1.00000000
0.55749453 0.66311786 0.35983000 0.01773105 0.95047945 0.00000000
0.73140295 0.30314417 0.75617724 0.02764773 0.53805272 0.00000000
0.36260026 0.23141406 0.75074106 0.02198560 1.37328362 1.00000000
0.73027444 0.23757765 0.23071616 0.02210869 1.28144731 1.00000000
0.38085568 0.04115855 0.12286359 0.00634490 2.13761482 0.00000000
0.10632216 0.24819955 0.22560334 0.01334110 2.24827147 1.00000000
0.55024668 0.31771563 0.81224693 0.01768382 1.57108980 0.00000000
0.22357529 0.43603497 0.41095780 0.03142533 0.44536816 0.00000000
0.20675975 0.63556731 0.73958733 0.02470354 1.14287142 1.00000000
0.73615862 0.63112824 0.59214478 0.01982605 1.26217080 1.00000000
0.91948285 0.42987844 0.76581673 0.02231644 1.26768256 1.00000000
0.21173295 0.40173804 0.31273745 0.02869921 1.07605025 1.00000000
0.37883597 0.52864494 0.49450967 0.03032699 1.07547008 1.00000000
0.08936119 0.50767549 0.26896078 0.00727113 2.08514237 1.00000000
0.77639500 0.12184819 0.96686361 0.01403148 0.90522404 0.00000000
0.17038563 0.54810220 0.23317497 0.01655995 1.72113695 1.00000000
0.03907417 0.90305193 0.83245045 0.03025800 0.56025269 0.00000000
0.69498308 0.76429991 0.38211482 0.01646940 1.39150275 0.00000000
0.60642091 0.40775191 0.68547368 0.00534547 5.38130506 0.00000000
0.87254699 0.25501241 0.14360210 0.02758942 1.06462591 1.00000000
0.86924620 0.54161320 0.29438629 0.00822297 2.13455927 1.00000000
0.60984348 0.33035873 0.45886835 0.01079565 1.59820072 1.00000000
0.43098394 0.35541084 0.66395855 0.02230166 1.37673061 1.00000000
0.45957803 0.64674567 0.15418950 0.02068155 1.43177995 1.00000000
0.59840112 0.74887342 0.50438519 0.02525420 1.29613272 1.00000000
0.09533703 0.56860493 0.91455921 0.02148104 1.44650801 1.00000000
0.83157221 0.26332212 0.69128382 0.01748352 0.85003744 0.00000000
0.33479455 0.91438470 0.04390444 0.03261570 0.36616915 0.00000000
0.44371998 0.27153312 0.78312455 0.00772925 4.07934587 1.00000000
0.90859988 0.87815511 0.49192554 0.01741271 0.76716750 0.00000000
0.67164866 0.40456065 0.50537220 0.02383840 0.85846565 0.00000000
0.76087726 0.41219497 0.63874468 0.01171906 2.33756854 0.00000000
0.18471605 0.41201703 0.25098451 0.01074891 1.67882073 1.00000000
0.61187984 0.26801358 0.77398228 0.02475506 1.26992648 1.00000000
0.33752209 0.68894357 0.27852601 0.00865893 2.18708002 0.00000000
0.54138920 0.48866944 0.83335123 0.02470462 0.70360197 0.00000000
0.57971292 0.87191164 0.44967509 0.02870577 0.50894327 0.00000000
0.60145832 0.67009325 0.24661864 0.02835387 0.59867566 0.00000000
0.92012831 0.34959850 0.76803501 0.01760388 1.15986365 1.00000000
0.15811192 0.70852809 0.69172893 0.01173063 1.58123011 1.00000000
0.68162922 0.24251038 0.42885260 0.02176436 0.75053428 0.00000000
0.07515443 0.62643855 0.69911495 0.00398228 4.74167690 0.00000000
0.18767349 0.16828063 0.51341347 0.00668943 3.91779456 1.00000000
0.46526798 0.43357737 0.49746637 0.02834466 0.51504707 0.00000000
0.27094087 0.83141766 0.78890458 0.01214300 1.52853679 1.00000000
0.16376297 0.50911716 0.30742655 0.01437767 1.75100598 1.00000000
0.62485732 0.14897627 0.47248664 0.01655290 1.61844538 0.00000000
0.63477559 0.17647395 0.62924024 0.00808832 4.16742777 0.00000000
0.43159891 0.59435688 0.83264981 0.01054523 2.05938110 0.00000000
0.89964878 0.09041813 0.96235954 0.01512309 1.61898216 0.00000000
0.42512602 0.11956783 0.61987074 0.00981679 1.52671036 1.00000000
0.07643858 0.69637845 0.66254555 0.01294248 1.32243551 1.00000000
0.05085951 0.63738957 0.35774144 0.00654293 3.53690848 1.00000000
0.38749039 0.47108015 0.95899190 0.01368079 1.52382144 1.00000000
0.54959159 0.86570987 0.36368302 0.02229021 1.31718172 1.00000000
0.07420408 0.92046742 0.55261695 0.02852715 1.14892246 1.00000000
0.08993814 0.51551191 0.06462196 0.02897662 1.20360170 1.00000000
0.62444100 0.95698678 0.85624262 0.01946533 0.74551582 0.00000000
0.15632909 0.71794694 0.47791941 0.01343067 1.43216927 1.00000000
0.52579849 0.41508242 0.28412375 0.02415051 1.33123266 1.00000000
0.04563839 0.29991075 0.50336236 0.01670612 1.22430567 1.00000000
0.66092748 0.49993711 0.75770023 0.03168499 0.40191179 0.00000000
0.40202636 0.78868893 0.20026561 0.00622614 1.94021643 0.00000000
0.23383513 0.04563948 0.40472417 0.02354772 0.73287135 0.00000000
0.40790406 0.33067375 0.55479029 0.02294387 1.14604599 1.00000000
0.68536712 0.88838872 0.07259891 0.01615888 1.90991953 0.00000000
0.35592363 0.91766631 0.49003238 0.01841659 1.18643861 1.00000000
0.45017752 0.85200606 0.26993951 0.02228731 1.45291216 1.00000000
0.54578877 0.23057586 0.66502997 0.00691424 2.63355457 1.00000000
0.85989369 0.24418853 0.38917517 0.00561747 2.19894671 0.00000000
0.09713430 0.85549763 0.92867288 0.00736481 3.14265272 0.00000000
0.65690688 0.33822576 0.75514359 0.02939456 0.60530164 0.00000000
0.73506892 0.74527116 0.47149658 0.02665584 1.20970407 1.00000000
0.32740586 0.05160182 0.68778741 0.01055145 1.04600549 0.00000000
0.75309930 0.53403323 0.06510111 0.01688131 1.22986868 0.00000000
0.43588290 0.82956967 0.45645464 0.01127418 2.25617421 1.00000000
0.64601022 0.80192879 0.92229970 0.03008470 1.05790340 1.00000000
0.07755549 0.42420772 0.85198744 0.01118018 1.42008411 1.00000000
0.14229893 0.76067479 0.82614454 0.01820650 1.19890121 1.00000000
0.25124962 0.93191786 0.92372655 0.01919099 1.15476183 1.00000000
0.35578174 0.86984552 0.43919891 0.02316254 1.48244449 1.00000000
0.67155906 0.09480974 0.84497021 0.02951228 1.13582211 1.00000000
0.71925833 0.26735636 0.59481678 0.01126833 2.22953753 0.00000000
0.15351110 0.82112882 0.61097893 0.02816337 0.40310666 0.00000000
0.22309725 0.80454303 0.85639414 0.03027452 1.07102023 1.00000000
0.52587214 0.61843402 0.83687377 0.01147293 2.17569753 1.00000000
0.15022972 0.17910839 0.82726881 0.01909007 0.83740674 0.00000000
0.35646358 0.58894255 0.59206792 0.02311578 1.47471432 1.00000000
0.73728696 0.92487802 0.53287384 0.02264966 0.50682568 0.00000000
0.03643024 0.33840401 0.89293105 0.02472493 1.16575242 1.00000000
0.59793866 0.80182718 0.85507192 0.01934284 1.62229326 1.00000000
0.21539142 0.77367611 0.03684734 0.02221479 0.49074091 0.00000000
0.97955242 0.57907309 0.30082433 0.01407874 0.74824875 0.00000000
0.45777808 0.58188670 0.28020191 0.02428015 0.93401344 0.00000000
0.25455439 0.58120365 0.68810095 0.00782700 2.46471869 1.00000000
0.73528788 0.78464968 0.73395813 0.03218244 1.06508646 1.00000000
0.44812783 0.66467914 0.45105366 0.01848868 1.19221126 1.00000000
0.13136439 0.37877693 0.20683408 0.01649978 0.75673799 0.00000000
0.67703048 0.49166615 0.11393888 0.01751695 1.42666931 0.00000000
0.21190083 0.04642983 0.71926816 0.01455667 1.47973779 1.00000000
0.82369101 0.43256791 0.84366127 0.02138875 0.85371031 0.00000000
0.21694046 0.52794593 0.87306420 0.00984112 2.49218400 0.00000000
0.88212126 0.34092780 0.67114964 0.02643726 1.20185057 1.00000000
0.85337956 0.21142485 0.82647952 0.03022507 0.39346221 0.00000000
0.17044178 0.62796755 0.82876757 0.01911645 0.97342775 0.00000000
0.92772801 0.58429216 0.21675443 0.01650074 1.55786864 0.00000000
0.97103577 0.38532683 0.97175951 0.00951955 1.93482460 0.00000000
0.09460683 0.37641283 0.14115158 0.01797041 0.79614155 0.00000000
0.96488774 0.90715977 0.16783322 0.01596409 1.27461048 0.00000000
0.89354215 0.04234789 0.80762686 0.01209715 1.36808977 0.00000000
0.36326627 0.94782505 0.14376299 0.02281136 1.18993007 1.00000000
0.57789450 0.32185213 0.03375584 0.02869477 1.12341254 1.00000000
0.21297269 0.88357509 0.86109403 0.00776264 1.75650113 0.00000000
0.80868886 0.49606175 0.37118653 0.01682392 1.29354199 0.00000000
0.39466187 0.49336421 0.27111003 0.02848792 1.16254604 1.00000000
0.31090534 0.70326535 0.21122756 0.02546612 0.76892694 0.00000000
0.72865865 0.58478189 0.25919126 0.02808069 1.10128877 1.00000000
0.33674546 0.09050570 0.86028797 0.00441213 5.88352386 1.00000000
0.26856879 0.58593608 0.43304242 0.01960667 1.48402685 1.00000000
0.25451714 0.09620269 0.31076027 0.01445369 0.91103649 0.00000000
0.66232292 0.03714875 0.66793971 0.01306792 1.94180785 0.00000000
0.35818448 0.76036850 0.54316292 0.01077157 3.04909063 0.00000000
0.58434349 0.76935468 0.12515708 0.02089795 1.05719344 0.00000000
0.59929786 0.93677008 0.39796976 0.01349194 1.41933523 0.00000000
0.45267702 0.34124216 0.22959004 0.01497918 0.89476393 0.00000000
0.25501040 0.64925096 0.11862615 0.03238752 1.06420062 1.00000000
0.12323236 0.39401520 0.53623004 0.01662172 1.35789824 1.00000000
0.53496705 0.39596948 0.68665483 0.01515178 1.57720759 1.00000000
0.51719031 0.03484530 0.29049953 0.02698485 1.07905626 1.00000000
0.07984362 0.54611720 0.78297759 0.01750403 1.66813378 1.00000000
0.10375035 0.29203644 0.89063014 0.02048058 1.62525561 1.00000000
0.81308778 0.87239712 0.94449587 0.01495318 1.67145085 0.00000000
0.81771075 0.67215427 0.48843197 0.03198726 0.38669057 0.00000000
0.26334672 0.89514263 0.71692723 0.00255340 7.37887287 1.00000000
0.29095747 0.04976373 0.86769705 0.01872175 1.15042851 1.00000000
0.70045757 0.45773036 0.60026272 0.01239060 1.55914347 0.00000000
0.34608559 0.11828552 0.20735869 0.01862710 1.57554906 0.00000000
0.78637798 0.91262473 0.19316655 0.01093727 1.86770274 0.00000000
0.92750685 0.07001187 0.08836087 0.01261826 2.68934679 1.00000000
0.07192649 0.30139164 0.36127547 0.01464673 1.21645064 1.00000000
0.29362336 0.50279671 0.63341233 0.02578030 0.85040784 0.00000000
0.11881109 0.23766441 0.95093821 0.00793448 2.65866410 1.00000000
0.86438370 0.89419498 0.17918894 0.02784527 1.17380442 1.00000000
0.22960685 0.35527411 0.18222327 0.01891883 1.36371428 0.00000000
0.17980111 0.21029952 0.68276105 0.01730039 0.69908098 0.00000000
0.95278402 0.04160397 0.26884261 0.02174169 1.45253963 1.00000000
0.02583337 0.49050879 0.06001412 0.01086561 1.02971077 0.00000000
0.49634296 0.62568237 0.36167820 0.01946670 1.41590931 1.00000000
0.92169035 0.79410227 0.92260512 0.01083165 1.23066875 0.00000000
0.90598070 0.29833367 0.29003219 0.02994405 1.11303891 1.00000000
0.44492431 0.20066183 0.92556148 0.01875264 0.78027570 0.00000000
0.79271252 0.26779424 0.39639764 0.00550550 3.92849633 0.00000000
0.96260663 0.19539033 0.80354851 0.02194509 1.23768419 1.00000000
0.15049653 0.92108106 0.87597737 0.01085140 1.05510737 0.00000000
0.82575982 0.43916838 0.47025647 0.02895458 1.16368831 1.00000000
0.04039187 0.27788829 0.04101850 0.02163905 0.64470458 0.00000000
0.20672061 0.10255906 0.85684903 0.00629619 2.74893727 1.00000000
0.14148387 0.03787486 0.55408754 0.02418806 1.12008790 1.00000000
0.34927342 0.05883415 0.78070499 0.00865242 3.64191828 0.00000000
0.50583016 0.68255969 0.67392824 0.01085137 2.20669118 1.00000000
0.50541552 0.80440579 0.29557990 0.02034325 1.50967505 1.00000000
0.11246075 0.61086006 0.24362939 0.03167818 0.37940460 0.00000000
0.65626406 0.13123356 0.10910787 0.01620830 1.49329762 0.00000000
0.10893723 0.37783792 0.66310038 0.01571640 1.28803532 0.00000000
0.30041448 0.32529556 0.59968902 0.02028024 1.40993036 1.00000000
0.27068211 0.74874468 0.91211306 0.02008191 1.59180685 1.00000000
0.42346375 0.19263292 0.63928856 0.02357436 1.07055071 0.00000000
0.32991695 0.60352346 0.64533041 0.01404117 1.26701316 1.00000000
0.64954042 0.57285508 0.40560679 0.01145150 2.89826775 1.00000000
0.86741537 0.32424950 0.54509297 0.03123125 0.44352940 0.00000000
0.87830616 0.48087198 0.92166893 0.02403170 0.53988417 0.00000000
0.21700173 0.83692867 0.69586504 0.02052442 0.59051824 0.00000000
0.52614307 0.64041686 0.58803318 0.02675367 0.68135129 0.00000000
0.25878514 0.83096967 0.96605469 0.01334373 1.54908241 1.00000000
0.33981405 0.61827442 0.27193774 0.02528769 1.10125538 1.00000000
0.30587268 0.88958390 0.91866405 0.01785268 1.07987602 0.00000000
0.91659350 0.73744388 0.73804709 0.02015119 0.76232180 0.00000000
0.74461336 0.87934515 0.58230183 0.02062343 0.95796938 0.00000000
0.11596387 0.18159983 0.13655836 0.00495693 2.66785902 1.00000000
0.07565291 0.91693394 0.32460579 0.02349413 1.46444930 1.00000000
0.61097300 0.95224518 0.06460651 0.02902501 1.14939294 1.00000000
0.49286091 0.27310276 0.33681646 0.01444180 1.67145734 0.00000000
0.78968665 0.50231529 0.09706339 0.00489313 3.16396372 0.00000000
0.72494781 0.51446514 0.40598123 0.01791632 1.30279142 0.00000000
0.90201813 0.90024481 0.39866841 0.03296104 0.32480969 0.00000000
0.19479335 0.78737021 0.26678704 0.02032899 1.25339871 1.00000000
0.87574385 0.53299478 0.83836887 0.02800024 1.17491487 1.00000000
0.43844031 0.30951200 0.07441658 0.02945097 1.18661999 1.00000000
0.71787729 0.63077896 0.70720413 0.02719438 0.79509779 0.00000000
0.40178037 0.62144796 0.31087182 0.01838133 1.36299507 1.00000000
0.07050661 0.07755556 0.17229883 0.02813068 0.41750326 0.00000000
0.13783104 0.63730340 0.52570282 0.02743742 1.23498287 1.00000000
0.70711472 0.13104090 0.91502425 0.01578432 1.33640489 0.00000000
0.38657881 0.42190152 0.48329502 0.01648893 1.60567642 0.00000000
0.47943459 0.55078762 0.84971374 0.01079107 2.92740356 0.00000000
0.73133519 0.36188501 0.88912174 0.02151467 1.20753051 0.00000000
0.84432569 0.82769576 0.78886315 0.01973489 1.20605691 0.00000000
0.88155750 0.75783999 0.42451660 0.01927540 1.21398565 1.00000000
0.34536007 0.92212652 0.78691499 0.03036290 0.53582930 0.00000000
0.38777722 0.25314741 0.30953443 0.03083705 0.33368103 0.00000000
0.46402736 0.37313196 0.57975221 0.00443474 6.33681961 0.00000000
0.93548610 0.03041629 0.71127548 0.02077506 1.27046636 1.00000000
0.62077720 0.25538054 0.89382662 0.01986924 1.18749807 1.00000000
0.75597901 0.12617595 0.55233187 0.02009485 0.78589132 0.00000000
0.26539914 0.64195230 0.70497616 0.02117410 1.15823568 1.00000000
0.79631395 0.79084573 0.61319547 0.01285089 2.05729262 1.00000000
0.85840150 0.69408005 0.19867784 0.00668918 3.01961501 0.00000000
0.17412045 0.82234159 0.79872443 0.02208421 1.48161051 1.00000000
0.16374955 0.90315876 0.06516526 0.01964266 0.55693038 0.00000000
0.21277516 0.95595499 0.17394220 0.01661489 1.53332266 1.00000000
0.24502503 0.46806675 0.49147764 0.00978998 2.59962452 1.00000000
0.19849105 0.77242240 0.59728473 0.01283609 2.06170260 1.00000000
0.46865285 0.86765329 0.59425780 0.03080136 0.50515886 0.00000000
0.67367396 0.92031525 0.21748695 0.01945707 1.04546846 0.00000000
0.04864058 0.23519869 0.14423278 0.01616136 2.11853720 1.00000000
0.96859325 0.39621658 0.88095930 0.02659074 0.45242866 0.00000000
0.82995226 0.59116416 0.46378888 0.01501338 1.40020481 1.00000000
0.44329797 0.20885393 0.13323336 0.00849719 2.86531794 1.00000000
0.68997011 0.47234152 0.67013359 0.01083932 2.92894511 0.00000000
0.23642786 0.43317996 0.82788228 0.02491059 0.67133709 0.00000000
0.36276200 0.61122093 0.94779986 0.02574152 1.29695151 1.00000000
0.66238318 0.67499525 0.85425519 0.01107138 1.17930518 0.00000000
0.80669557 0.63754748 0.22304857 0.02684749 1.11613803 1.00000000
0.54004569 0.47838439 0.46882488 0.01205352 1.69763054 1.00000000
0.59668108 0.33193006 0.66853677 0.02301444 1.09338353 0.00000000
0.14037187 0.65094947 0.18422702 0.00713560 1.87281488 1.00000000
0.24384813 0.94659133 0.50879225 0.01482999 0.74900869 0.00000000
0.25593554 0.26886503 0.10884929 0.02347794 1.23704434 1.00000000
0.55778329 0.72137507 0.77728013 0.02344045 0.90431158 0.00000000
0.81445441 0.05136897 0.92732472 0.01535141 0.95126071 0.00000000
0.59538460 0.86022684 0.14104230 0.00765438 2.19613211 1.00000000
0.72512179 0.94926882 0.42194076 0.02048502 1.32190610 0.00000000
0.51216302 0.31022337 0.12721071 0.01362105 1.98078138 1.00000000
0.73103733 0.92947103 0.09061488 0.00243488 8.48224820 1.00000000
0.25773779 0.49566176 0.81244785 0.01100607 1.64081578 1.00000000
0.25687175 0.20664058 0.72774876 0.01905206 1.30672218 0.00000000
0.84157651 0.11573098 0.23140037 0.00815721 1.67817409 1.00000000
0.24650328 0.41835828 0.15919850 0.02463819 1.09216276 1.00000000
0.20712035 0.47083086 0.34835995 0.01386889 1.65439812 0.00000000
0.82545992 0.52474492 0.50058450 0.02274751 0.68809197 0.00000000
0.47276316 0.96568263 0.14520439 0.00723389 2.02572773 0.00000000
0.70806633 0.83893766 0.67180364 0.01443230 1.73705268 1.00000000
0.64289695 0.74297855 0.28917081 0.01413826 0.99300389 0.00000000
0.84719353 0.69337897 0.58484226 0.02457578 1.32289687 1.00000000
0.03584791 0.40411523 0.55729420 0.01193511 2.73907140 1.00000000
0.50008843 0.33013598 0.64531325 0.00401572 6.29712019 1.00000000
0.38176331 0.69011985 0.11472725 0.00895330 1.29175724 0.00000000
0.66115859 0.21912700 0.52645273 0.01639201 1.20082952 0.00000000
0.48733291 0.19343874 0.63428664 0.00974924 1.07362503 0.00000000
0.39940542 0.95997931 0.51429853 0.01773634 1.65612742 1.00000000
0.04907875 0.46405305 0.28364651 0.01329216 1.49257750 1.00000000
0.55247047 0.30282928 0.57381032 0.02053241 0.52267627 0.00000000
0.65368484 0.25406740 0.96965319 0.01899013 1.10628253 0.00000000
0.44384886 0.73962982 0.89592168 0.00390999 7.06894890 0.00000000
0.08667416 0.39596771 0.46879664 0.00978670 2.37047608 1.00000000
0.71579566 0.54245298 0.59946406 0.02975644 0.42894707 0.00000000
0.29003619 0.01874593 0.66441786 0.00844909 1.61777056 1.00000000
0.54035404 0.60819209 0.31505963 0.02116610 1.11849628 0.00000000
0.79376637 0.21650656 0.33614193 0.01505468 1.61899750 1.00000000
0.07410949 0.17648572 0.21179664 0.02175583 0.85140406 0.00000000
0.86004925 0.88118193 0.31739092 0.01299658 1.99114950 1.00000000
0.37634539 0.30497865 0.41879254 0.02324567 0.73393039 0.00000000
0.13585133 0.94595693 0.50383624 0.00932287 1.92801652 1.00000000
0.46057325 0.73735657 0.61934197 0.01652484 1.73399620 0.00000000
0.70228362 0.31450955 0.03554884 0.01487826 1.54866836 1.00000000
0.90362023 0.61764419 0.15532858 0.02481966 1.20544124 1.00000000
0.73880817 0.83733689 0.92099093 0.01733522 1.33673742 0.00000000
0.40281880 0.11222626 0.80722733 0.00585956 5.55534773 0.00000000
0.80947541 0.05458064 0.85971196 0.00192273 12.24920548 1.00000000
0.86784099 0.56224670 0.65554498 0.01522282 1.49349515 1.00000000
0.28557284 0.61823765 0.61561106 0.02440830 1.28446039 1.00000000
0.73469471 0.30418503 0.40266329 0.01677309 0.67121673 0.00000000
0.74865778 0.30171930 0.92662660 0.02726554 0.65843989 0.00000000
0.90640094 0.28209003 0.89968413 0.01013789 2.52768355 0.00000000
0.56733490 0.81385960 0.68637848 0.01145173 2.55717419 1.00000000
0.29077110 0.89429934 0.21389060 0.02130576 1.18801355 1.00000000
0.44942137 0.55556401 0.57097593 0.01298587 0.86181137 0.00000000
0.47805413 0.03655069 0.62288808 0.00690022 1.86012497 1.00000000
0.42894527 0.12864345 0.27820679 0.01049293 1.55095302 1.00000000
0.60365371 0.38698872 0.06013707 0.03298715 1.04968574 1.00000000
0.91217110 0.28818213 0.60976665 0.00802383 2.65633307 1.00000000
0.50544873 0.77086072 0.11860174 0.02223782 0.65874358 0.00000000
0.10390591 0.83680134 0.51798646 0.02632215 0.76509468 0.00000000
0.34711854 0.58092568 0.18375292 0.01880677 1.65169048 1.00000000
0.17092405 0.27983989 0.67821643 0.02493940 1.16415719 1.00000000
0.29223223 0.34024197 0.36526801 0.00300966 3.59006201 1.00000000
0.14009127 0.22691319 0.72967373 0.01747680 1.49564650 0.00000000
0.86989209 0.15387790 0.94332320 0.00924747 2.39111401 1.00000000
0.23032251 0.79873763 0.45700230 0.00578357 2.15887441 1.00000000
0.18471199 0.51972297 0.72732280 0.02207223 0.65050200 0.00000000
0.91197822 0.84045345 0.27574169 0.02148564 1.34580124 1.00000000
0.54440648 0.39501511 0.12208378 0.01507117 1.67794521 1.00000000
0.84521008 0.84273095 0.69656857 0.02498515 0.48842524 0.00000000
0.40090257 0.78073766 0.77028285 0.01624759 1.69124562 1.00000000
0.34972275 0.36916722 0.56419379 0.01136469 1.57905166 1.00000000
0.19313957 0.08546666 0.54919905 0.00575197 3.40439972 1.00000000
0.56481470 0.35106074 0.35790664 0.01936965 1.22890531 1.00000000
0.34319764 0.46247240 0.14699596 0.02111450 0.64549640 0.00000000
0.83391264 0.34767363 0.23747391 0.01083164 1.44978460 0.00000000
0.85680569 0.18835858 0.69152760 0.01350628 1.88385332 0.00000000
0.17972582 0.70415161 0.94431335 0.02475032 0.46218351 0.00000000
0.15310868 0.17005513 0.10141040 0.00684329 4.75307900 0.00000000
0.52970230 0.76319887 0.20893091 0.02174265 1.47462020 1.00000000
0.57021862 0.23321524 0.84444048 0.02861139 0.46266625 0.00000000
0.37926960 0.40463157 0.28299440 0.00722565 1.74982191 1.00000000
0.71525995 0.36113388 0.48037507 0.01925030 1.50114723 1.00000000
0.33134625 0.03572840 0.07568630 0.00610669 5.06986069 1.00000000
0.48256542 0.20998973 0.82687185 0.02294247 0.73295523 0.00000000
0.29814940 0.51142906 0.02562882 0.00521625 4.44361132 1.00000000
0.29224158 0.10184094 0.52094537 0.00798113 2.34541731 1.00000000
0.72582112 0.72787043 0.18837453 0.00341766 3.89060972 0.00000000
0.95968797 0.55887311 0.84384973 0.01066490 2.58138378 1.00000000
0.90227941 0.65527985 0.31372250 0.01661366 1.58675089 1.00000000
0.39191995 0.21041290 0.47098793 0.02530348 1.32949532 1.00000000
0.80692653 0.04258804 0.28187675 0.00165280 18.79634584 1.00000000
0.21093542 0.85801420 0.19882992 0.01457795 1.52298630 0.00000000
0.55900857 0.62130854 0.14124349 0.01177537 2.42206066 1.00000000
0.40075135 0.65565339 0.83415214 0.01718971 1.43539650 1.00000000
0.94512950 0.67613680 0.31698415 0.01242235 0.84786953 0.00000000
0.90682985 0.48055120 0.63244403 0.02817511 0.66642633 0.00000000
0.40268906 0.45117221 0.79761265 0.01032386 2.92850142 1.00000000
0.59711225 0.85511327 0.26657426 0.00666434 4.30419029 1.00000000
0.32350822 0.54335568 0.67411134 0.01258847 1.77671860 1.00000000
0.97061305 0.33213973 0.05644420 0.01579096 1.40165193 1.00000000
0.08068535 0.86595418 0.41047166 0.02040193 1.10688881 0.00000000
0.43504447 0.85123334 0.53177004 0.02477707 0.59000936 0.00000000
0.70050265 0.96677238 0.77781180 0.00675210 1.57181690 0.00000000
0.66326910 0.19729654 0.90797758 0.01591704 1.98998684 1.00000000
0.77193896 0.54323054 0.23732233 0.01238537 1.05090293 0.00000000
0.31534153 0.39150580 0.30440097 0.00539077 3.06263545 1.00000000
0.33762050 0.73172055 0.91830864 0.02470010 0.44035614 0.00000000
0.24937857 0.20942445 0.85892037 0.02544488 0.62962187 0.00000000
0.27523304 0.06079659 0.71959100 0.02416768 1.19806786 1.00000000
0.90902083 0.15244589 0.51234901 0.02168506 1.14664655 1.00000000
0.03841183 0.86614541 0.06105148 0.02302261 0.62094363 0.00000000
0.95418781 0.17712518 0.71899262 0.01109060 1.24320192 0.00000000
0.20514334 0.25421855 0.05022276 0.00714166 4.40624399 0.00000000
0.31017707 0.18746076 0.20513362 0.01819675 0.89529306 0.00000000
0.93384159 0.03835001 0.56852895 0.02856642 0.39407363 0.00000000
0.39200916 0.11691242 0.57651957 0.01900775 1.62352131 1.00000000
0.96636905 0.85438099 0.16606398 0.01580820 1.20474768 1.00000000
0.90163114 0.24148997 0.49903156 0.00428147 7.07115505 1.00000000
0.36879139 0.61063880 0.50166755 0.02419023 0.99708248 0.00000000
0.89987630 0.48047427 0.11212469 0.01863283 1.51918784 1.00000000
0.06245847 0.77382115 0.28406046 0.01810156 0.89073928 0.00000000
0.32891888 0.32524434 0.06965205 0.01930964 1.14995504 0.00000000
0.10998803 0.13310482 0.52742137 0.01974803 1.54895412 1.00000000
0.32370103 0.06371109 0.41935639 0.00682679 4.00900626 1.00000000
0.83477174 0.78054948 0.67572584 0.01618689 1.47303132 1.00000000
0.23189520 0.29601770 0.76229468 0.01761825 1.54730787 1.00000000
0.53116714 0.93222769 0.74171043 0.02602419 0.75817804 0.00000000
0.56704034 0.74039277 0.91438707 0.02173010 0.90302070 0.00000000
0.13030633 0.09602462 0.32904549 0.01790609 0.99881692 0.00000000
0.82345244 0.63145151 0.56209062 0.02040457 1.28977569 1.00000000
0.95683591 0.75932261 0.56882498 0.02657665 1.20103254 1.00000000
0.97278352 0.95898035 0.43948052 0.00292142 7.61451235 0.00000000
0.53822943 0.45670956 0.93472848 0.03066916 0.50082714 0.00000000
0.44336954 0.18948029 0.52724442 0.02682065 0.57245726 0.00000000
0.28431160 0.92785351 0.66067281 0.01058413 2.47089374 1.00000000
0.70598435 0.12039045 0.69485013 0.02489491 0.55892196 0.00000000
0.49206612 0.22220659 0.71542750 0.02762865 1.06429900 1.00000000
0.82003930 0.42949045 0.37250436 0.02619127 1.20506399 1.00000000
0.27319123 0.89063794 0.43345232 0.03036639 1.14702223 1.00000000
0.33254485 0.82494710 0.08087860 0.01741804 0.58111733 0.00000000
0.51335880 0.49827034 0.38074655 0.02447558 1.12539463 1.00000000
0.29123072 0.82264914 0.42196701 0.01869382 1.67363933 1.00000000
0.68562121 0.26989304 0.79992745 0.01912587 0.87971005 0.00000000
0.46679601 0.74909032 0.49514077 0.01275296 2.69715709 1.00000000
0.13085540 0.95286161 0.79780026 0.02156338 0.72446331 0.00000000
0.39139274 0.90587341 0.81647338 0.01397532 0.74528561 0.00000000
0.24467994 0.93325448 0.56138468 0.01643868 1.09292059 0.00000000
0.94429810 0.24750795 0.11980499 0.00502435 3.23166901 1.00000000
0.69628662 0.44165108 0.77624410 0.02523723 1.15526212 1.00000000
0.13543078 0.86585860 0.28614539 0.01060329 1.91826842 0.00000000
0.21145683 0.93217839 0.64187873 0.02350898 1.47239467 1.00000000
0.03773286 0.09409085 0.57833859 0.01923075 1.47886634 0.00000000
0.59946487 0.42516232 0.39225387 0.01625719 1.60856574 1.00000000
0.24563981 0.74261264 0.66650120 0.01934720 1.20671461 1.00000000
0.76048845 0.24720463 0.06415384 0.03266632 1.06322413 1.00000000
0.54441771 0.65247643 0.78384000 0.01131691 1.66287106 0.00000000
0.20782153 0.24024985 0.17170538 0.00676230 3.68870651 1.00000000
0.61082965 0.31509472 0.11435080 0.02585458 0.61455866 0.00000000
0.94199921 0.71895462 0.11586592 0.01311528 0.89848741 0.00000000
0.37207273 0.11297286 0.33765871 0.01127849 1.70056567 1.00000000
0.85863545 0.28217950 0.36270413 0.01524974 1.42058745 0.00000000
0.20342700 0.18918230 0.91804550 0.01555022 1.53010388 1.00000000
0.51530248 0.17697372 0.29255686 0.02756886 0.45626364 0.00000000
0.32176008 0.48239304 0.57230502 0.01744300 0.60546028 0.00000000
0.88466025 0.76676029 0.61827635 0.00860041 3.17548252 1.00000000
0.27603998 0.34501252 0.96417420 0.02249801 1.06798210 0.00000000
0.85858201 0.55853140 0.04714481 0.02112434 0.48135787 0.00000000
0.05994161 0.46468686 0.93189723 0.02735582 0.48925091 0.00000000
0.40546836 0.57855847 0.71878704 0.00653668 3.16480497 0.00000000
0.67623242 0.75307753 0.59413681 0.00292895 5.94220534 1.00000000
0.75720495 0.96341306 0.03136297 0.00465390 3.19299731 0.00000000
0.46576142 0.41031692 0.31904335 0.01337262 2.09641771 1.00000000
0.64111106 0.66402323 0.68121484 0.01015131 1.21290535 0.00000000
0.13876865 0.52546619 0.95912978 0.01837358 1.14056828 1.00000000
0.79937575 0.94662300 0.29693442 0.01141864 1.69602064 0.00000000
0.74002695 0.11575643 0.36657192 0.00839278 2.51935287 1.00000000
0.82316347 0.75272063 0.94254946 0.01804401 0.88476111 0.00000000
0.91596367 0.81842558 0.54231704 0.01928957 0.65647494 0.00000000
0.22519921 0.67927625 0.52997207 0.01774087 1.44048301 0.00000000
0.24448857 0.66766692 0.86546056 0.01321143 0.75840898 0.00000000
0.11236127 0.14814341 0.17108840 0.01345630 0.74686277 0.00000000
0.79286553 0.88447824 0.44710199 0.02178834 1.39310282 1.00000000
0.07542114 0.10427191 0.26037825 0.01658504 1.33905966 0.00000000
0.28443453 0.69165813 0.64992152 0.02116299 1.28989013 0.00000000
0.76304541 0.09497158 0.86938305 0.01547896 1.22987516 1.00000000
0.79492689 0.29266925 0.58619559 0.02971846 0.41706069 0.00000000
0.47302729 0.70614852 0.28143773 0.01688638 1.52891376 1.00000000
0.44055385 0.42523606 0.89705584 0.01319654 1.47599746 1.00000000
0.22618611 0.37685938 0.39410061 0.00856042 2.19628047 1.00000000
0.14405850 0.67812841 0.22254438 0.00644570 2.25843828 1.00000000
0.80139769 0.32557473 0.66088417 0.02011136 0.74793397 0.00000000
0.30457719 0.63019278 0.67433632 0.01110322 1.58950588 1.00000000
0.74380940 0.69841364 0.55387152 0.02750398 0.53023856 0.00000000
0.16588126 0.42011572 0.69999454 0.02322105 0.52753343 0.00000000
0.49802901 0.91745457 0.07318197 0.01369460 1.44031091 1.00000000
0.28378187 0.86238734 0.30517587 0.01591852 2.17381935 1.00000000
0.49460786 0.82062088 0.48237997 0.01968412 1.21885901 1.00000000
0.80365439 0.57724684 0.41084400 0.00971371 2.51531649 1.00000000
0.86158660 0.13049890 0.46812232 0.02372224 1.16147457 1.00000000
0.54215840 0.09333162 0.53288583 0.02308456 1.04345626 0.00000000
0.93170039 0.21257240 0.66452612 0.02254571 0.60609287 0.00000000
0.26916407 0.33988354 0.46595074 0.01107458 1.14774303 0.00000000
0.12254274 0.40022693 0.10143133 0.00688129 2.21781859 0.00000000
0.73794889 0.14339467 0.05365375 0.02103852 1.60399716 1.00000000
0.22280678 0.95607434 0.08753118 0.01492874 1.28551686 0.00000000
0.89462565 0.70561732 0.27389615 0.00781636 2.26735883 1.00000000
0.66504942 0.06276169 0.33891237 0.01226415 1.74805711 0.00000000
0.29445512 0.58507857 0.77246434 0.02753033 0.40547346 0.00000000
0.70169824 0.17731634 0.81151911 0.02070078 0.70451283 0.00000000
0.74548269 0.09803479 0.74831719 0.02253122 0.64688151 0.00000000
0.41428196 0.19696157 0.40400571 0.01662744 1.52212057 0.00000000
0.36914118 0.29147997 0.87544265 0.00959397 1.24048632 0.00000000
0.82930213 0.13321333 0.70688775 0.02662078 0.47807101 0.00000000
0.88511950 0.85589166 0.82670823 0.02105654 0.57797761 0.00000000
0.97750541 0.80482244 0.06018678 0.01129617 1.37867864 0.00000000
0.52662131 0.26284022 0.77469239 0.02333772 1.29852771 1.00000000
0.67653112 0.63290837 0.09445379 0.02228327 1.21855965 1.00000000
0.71945205 0.18945128 0.31170741 0.02740466 1.15932597 1.00000000
0.21934046 0.12670276 0.38929406 0.01899565 1.61411403 1.00000000
0.43520346 0.57409580 0.34741240 0.00037584 36.08557195 1.00000000
0.21992622 0.51815299 0.53632539 0.01803897 1.18327704 1.00000000
0.04142571 0.42328800 0.33008191 0.00339622 5.20766065 1.00000000
0.49311559 0.10964984 0.90549372 0.01850072 1.70231589 1.00000000
0.34121132 0.91081424 0.38264173 0.02337246 0.81882570 0.00000000
0.06963073 0.32779197 0.25031769 0.02299854 1.50590452 1.00000000
0.84857387 0.73565529 0.24193543 0.02106221 1.60919580 1.00000000
0.21488069 0.56580188 0.65785568 0.00774767 2.00346791 1.00000000
0.36966650 0.94549626 0.68621888 0.02018428 0.56522862 0.00000000
0.88383061 0.64488403 0.71322854 0.01372791 1.60558343 1.00000000
0.76850212 0.38783395 0.83228934 0.00485095 5.73953725 1.00000000
0.33491159 0.40031289 0.08800614 0.02120714 0.97225461 0.00000000
0.16556492 0.12994666 0.70736278 0.02424003 1.18369711 1.00000000
0.29334530 0.42101435 0.70910614 0.00538941 6.39738411 1.00000000
0.74100214 0.85796027 0.37577780 0.01661448 1.67220287 0.00000000
0.64045354 0.87609435 0.59595696 0.00302035 7.73725549 0.00000000
0.65211712 0.34546706 0.22021031 0.01102833 2.51608512 1.00000000
0.81282320 0.70174746 0.40515250 0.01477359 0.93201746 0.00000000
0.73665343 0.17082583 0.86904627 0.01066265 1.13399345 0.00000000
0.64575034 0.74991291 0.67306319 0.02324239 0.98091004 0.00000000
0.77857706 0.78858923 0.80882110 0.00903425 3.35483740 1.00000000
0.58615026 0.60044530 0.44532026 0.02512477 0.58907158 0.00000000
0.49320089 0.42343177 0.09059659 0.02104949 1.12055225 0.00000000
0.73700168 0.54627389 0.12322248 0.02123512 0.69114357 0.00000000
0.68321045 0.91728988 0.94979159 0.01386922 1.25952722 1.00000000
0.84674306 0.51835023 0.09137927 0.02521431 1.14664094 1.00000000
0.96095335 0.56591043 0.58095369 0.02138969 0.51667499 0.00000000
0.03593694 0.71863367 0.05569038 0.01833493 1.58675281 0.00000000
0.82716975 0.15178699 0.11132677 0.02069167 1.36672250 1.00000000
0.28561615 0.74369670 0.32912844 0.00561060 3.58198477 1.00000000
0.26269695 0.61319807 0.49533661 0.02740462 1.17375064 1.00000000
0.09655411 0.66866888 0.94056654 0.03004116 1.08132342 1.00000000
0.09769240 0.57520356 0.72024031 0.02097270 0.86530188 0.00000000
0.23804256 0.71346012 0.09277058 0.01191202 0.95419643 0.00000000
0.12649087 0.08191223 0.67048512 0.02348733 1.18446031 1.00000000
0.04749675 0.46619812 0.75199767 0.00342615 3.24197286 1.00000000
0.32034790 0.27683073 0.47629425 0.00530705 1.91517256 0.00000000
0.48925997 0.23949991 0.88129814 0.01726944 1.05249123 0.00000000
0.71145455 0.13917250 0.50292733 0.00829441 2.64254557 1.00000000
0.28162206 0.38094880 0.55454147 0.01524273 1.87340942 0.00000000
0.76342231 0.43657938 0.91382876 0.01539792 2.05340755 1.00000000
0.11037099 0.21075317 0.53777248 0.01192120 0.93582963 0.00000000
0.04040255 0.73033289 0.93931485 0.02665916 1.15843933 1.00000000
0.45281514 0.73555203 0.33991439 0.00473717 4.99875431 0.00000000
0.24806834 0.30488581 0.29652742 0.01785396 1.40527102 1.00000000
0.06673641 0.85957134 0.71305056 0.01639193 1.17682681 1.00000000
0.57569570 0.59860359 0.94177773 0.01525831 1.31826987 1.00000000
0.26970047 0.42224215 0.94623553 0.02184691 1.21659222 1.00000000
0.44192852 0.05860641 0.40253144 0.00537384 3.54505714 1.00000000
0.96966163 0.17028107 0.42279637 0.02348651 0.47646161 0.00000000
0.55657807 0.35952079 0.94990898 0.01716789 1.42303009 1.00000000
0.20562484 0.22766198 0.51027577 0.01501084 1.54133723 1.00000000
0.51548870 0.45591365 0.02853457 0.00834189 1.44971151 0.00000000
0.05229773 0.18394244 0.57362519 0.00562588 2.19357881 1.00000000
0.65180308 0.75734444 0.23255488 0.01734330 1.56334044 1.00000000
0.60220222 0.07724337 0.89167899 0.00671901 2.55969324 0.00000000
0.68131314 0.24997217 0.74021002 0.01461443 1.78829776 1.00000000
0.71481253 0.79967322 0.04072931 0.01392128 2.18208713 0.00000000
0.72463827 0.96018246 0.72402233 0.01172898 1.58150802 1.00000000
0.38597939 0.63209762 0.03525456 0.02465448 1.33956575 1.00000000
0.52062554 0.96438765 0.40421625 0.01196944 1.00811269 0.00000000
0.60861529 0.03723702 0.95689301 0.02439107 1.20570899 1.00000000
0.65755662 0.29533000 0.46520476 0.01356764 1.29724454 0.00000000
0.91140756 0.95513135 0.91017619 0.02895509 1.06412988 1.00000000
0.17574148 0.36970952 0.37031255 0.02930167 1.09722420 1.00000000
0.54133810 0.09482155 0.37778754 0.00820142 2.30083398 1.00000000
0.06467695 0.15744869 0.47589521 0.01070978 1.57901497 1.00000000
0.69482083 0.56549136 0.94363625 0.02609083 0.79919758 0.00000000
0.59083033 0.06083973 0.20775318 0.01397558 2.25459617 0.00000000
0.09998849 0.76895285 0.05680044 0.02754045 1.08246401 1.00000000
0.56229673 0.55984248 0.87355094 0.00598578 2.91350123 1.00000000
0.05214240 0.74805404 0.53367776 0.02180757 0.64365490 0.00000000
0.58531044 0.41036441 0.44841619 0.01357728 1.49902105 0.00000000
0.08153529 0.95253165 0.83706898 0.01087581 2.05121353 0.00000000
0.91187585 0.40291498 0.92319704 0.01343817 1.76088926 1.00000000
0.77956572 0.21181380 0.18266399 0.02654640 1.07905361 1.00000000
0.58214686 0.15094906 0.28902642 0.01141213 1.92709835 0.00000000
0.71074432 0.03873200 0.53861803 0.00483920 2.62438474 1.00000000
0.26453718 0.43095090 0.24062766 0.01551713 1.18434672 0.00000000
0.12305930 0.71368640 0.30691871 0.01693711 1.21781556 1.00000000
0.67257521 0.81573021 0.23316491 0.01654585 0.89989809 0.00000000
0.62337850 0.31712776 0.82499069 0.01268287 1.28303778 1.00000000
0.37398041 0.04760065 0.54648923 0.02466997 0.78206470 0.00000000
0.06602617 0.18839419 0.16570457 0.00526638 2.43373871 0.00000000
0.42754845 0.13245166 0.18759605 0.02797188 1.07693181 1.00000000
0.45944727 0.75620143 0.17595584 0.01510954 1.49422151 1.00000000
0.50059935 0.64776376 0.20193952 0.01460574 1.40412152 0.00000000
0.60960402 0.29523269 0.50264832 0.01112924 1.97762802 1.00000000
0.35014891 0.82225888 0.67664784 0.01741259 1.39610178 1.00000000
0.20481445 0.53994000 0.08873479 0.02706218 0.51201174 0.00000000
0.33289377 0.24284063 0.02849917 0.01454008 1.26546259 0.00000000
0.29556943 0.93000168 0.86258587 0.02395671 0.44139848 0.00000000
0.63483400 0.12143261 0.54796798 0.03048188 1.06126789 1.00000000
0.51699067 0.90863253 0.20078299 0.01750135 0.93596593 0.00000000
0.65840777 0.22301453 0.15334414 0.01440536 2.20782957 1.00000000
0.81042616 0.52253571 0.30120497 0.01864233 0.71116118 0.00000000
0.87537503 0.87544305 0.04886759 0.00817013 2.20181484 0.00000000
0.68316167 0.90646728 0.68072564 0.01110363 1.68774965 1.00000000
0.33813238 0.47706527 0.72166111 0.01487658 0.73949034 0.00000000
0.10479632 0.29625750 0.53325745 0.03070411 0.33082625 0.00000000
0.36889727 0.79430102 0.42307812 0.01612801 1.40331271 1.00000000
0.96793613 0.46955190 0.87465867 0.00782705 1.92528659 0.00000000
0.35958674 0.49690787 0.85454586 0.02870480 0.43892366 0.00000000
0.76198099 0.83331297 0.29674122 0.02922357 0.63044062 0.00000000
0.03190342 0.58585477 0.72140701 0.01642462 1.52921964 1.00000000
0.44694194 0.95411289 0.77927214 0.01644493 2.00226601 1.00000000
0.08711743 0.45605669 0.43216342 0.01428943 2.17118307 1.00000000
0.91808068 0.33870158 0.92679430 0.01249110 1.92872749 1.00000000
0.70302833 0.86212129 0.76800651 0.01736206 1.36562886 1.00000000
0.86921928 0.72415552 0.52141584 0.02141269 1.08860816 0.00000000
0.40793285 0.12294953 0.71997344 0.00786008 1.69553572 1.00000000
0.42913800 0.41671392 0.05316743 0.00730484 4.51165942 0.00000000
0.34306046 0.29197316 0.66279685 0.01501353 0.99811616 0.00000000
0.90444596 0.66511792 0.91401945 0.01927646 1.41153572 1.00000000
0.71601143 0.41103086 0.32879293 0.02348083 0.60779147 0.00000000
0.24507860 0.96553757 0.86593290 0.01827183 1.25377250 0.00000000
0.82295059 0.89386969 0.80358097 0.00684084 3.42811479 0.00000000
0.14815334 0.29952251 0.40524268 0.01673354 1.38265675 1.00000000
0.74918317 0.24328079 0.79569617 0.01711568 1.23879029 1.00000000
0.51256593 0.01766306 0.70115459 0.01094224 1.10535223 0.00000000
0.82965863 0.80562415 0.34963531 0.01109959 1.35405364 0.00000000
0.19211006 0.72620237 0.56340673 0.01646317 0.69943985 0.00000000
0.21550331 0.55349813 0.15879568 0.01854244 1.27329682 1.00000000
0.09650229 0.37711499 0.85532052 0.02516587 1.15710659 1.00000000
0.12897986 0.86189084 0.14077896 0.01418532 1.33792028 1.00000000
0.96632910 0.33576630 0.36906079 0.01467916 1.65374711 1.00000000
0.16222288 0.04147955 0.47945648 0.01567492 2.11235439 1.00000000
0.07819157 0.19218668 0.95083389 0.02623292 1.15177995 1.00000000
0.55539340 0.31941859 0.53102943 0.01129803 0.99467401 0.00000000
0.56690578 0.90427705 0.24813256 0.00355505 6.21041615 1.00000000
0.16423534 0.79150867 0.70844897 0.01070641 1.80018192 1.00000000
0.86993386 0.86142823 0.61829716 0.00542708 4.96977221 0.00000000
0.04834491 0.89934194 0.67973257 0.01032468 1.94461905 1.00000000
0.06013650 0.95349634 0.11570661 0.01094455 2.65931921 1.00000000
0.51971568 0.11447949 0.76658608 0.02130964 0.64448616 0.00000000
0.02648705 0.96977232 0.56408640 0.00576076 3.02500409 1.00000000
0.06725895 0.47298275 0.53763933 0.00878053 2.67142290 0.00000000
0.07953843 0.61349487 0.57671146 0.01319480 1.76995523 0.00000000
0.04748337 0.37609376 0.94664122 0.01896868 0.96682466 0.00000000
0.06643405 0.67700837 0.17760987 0.02440235 0.77841756 0.00000000
0.04803176 0.20507977 0.43773017 0.02087274 1.11407819 0.00000000
0.25910242 0.01802926 0.68615677 0.01206538 1.41035275 1.00000000
0.86712260 0.28981204 0.04473338 0.01948087 1.14889464 0.00000000
0.76876511 0.74425941 0.69019070 0.01443551 1.32294332 0.00000000
0.05789591 0.77283056 0.69899504 0.01857445 0.97764868 0.00000000
0.07675011 0.22842210 0.50252465 0.02257019 1.12029674 1.00000000
0.04001009 0.13523942 0.92181909 0.01601293 1.26289511 1.00000000
0.38457610 0.74847051 0.87431764 0.01277164 2.12670657 1.00000000
0.74497665 0.69493079 0.92099347 0.02388666 0.93827070 0.00000000
0.06625095 0.90232855 0.92331938 0.01789871 1.34275031 1.00000000
0.92735585 0.39091450 0.06690103 0.01595257 1.47124245 1.00000000
0.30780133 0.42055503 0.84239856 0.01522265 1.46989918 0.00000000
0.25540641 0.95531109 0.75787457 0.01369559 1.28137702 1.00000000
0.31415078 0.52570579 0.22420277 0.02009342 1.41417803 1.00000000
0.72006804 0.76705183 0.27688512 0.01924113 1.45359729 1.00000000
0.87340542 0.46777040 0.22655713 0.02441167 1.36700543 1.00000000
0.64314273 0.51435747 0.82621793 0.01635157 1.08358593 0.00000000
0.53812702 0.41135966 0.40403177 0.01190521 2.54148230 0.00000000
0.12734516 0.58098309 0.09741392 0.00838085 1.72913169 1.00000000
0.41504297 0.62024106 0.36518375 0.01403927 0.97433174 0.00000000
0.90485220 0.79917235 0.14210479 0.02514087 0.81289984 0.00000000
0.63468728 0.67955157 0.78209092 0.00432329 3.08104775 1.00000000
0.67645940 0.34714536 0.64222104 0.01295223 2.07562266 1.00000000
0.91145130 0.43370384 0.50583876 0.01649568 1.57641984 1.00000000
0.84519135 0.29450138 0.81761750 0.01623990 1.50666026 1.00000000
0.12433040 0.32307559 0.16131416 0.02233701 1.12369939 1.00000000
0.81177200 0.45266725 0.75514137 0.01285446 2.01505483 1.00000000
0.82292971 0.10171466 0.84177314 0.01403154 1.00263424 0.00000000
0.86477435 0.17329797 0.55303038 0.01327317 2.37007604 1.00000000
0.49381430 0.62734109 0.03466708 0.02784480 0.59883859 0.00000000
0.61780300 0.80547439 0.41858912 0.01745494 1.24111208 1.00000000
0.56633054 0.50975998 0.77119961 0.00713703 2.45095353 0.00000000
0.63715198 0.46187641 0.55507574 0.01950812 1.25139654 1.00000000
0.38936899 0.43866380 0.69784087 0.01874871 1.53566865 0.00000000
0.73563221 0.32324112 0.56663456 0.02543333 1.14487414 1.00000000
0.22000155 0.66530024 0.80284309 0.01531600 1.97745004 1.00000000
0.35160422 0.66145621 0.75602403 0.00975455 2.28037290 0.00000000
0.24784415 0.04354403 0.33607560 0.02074650 0.53218371 0.00000000
0.53031369 0.47879692 0.68593236 0.02015072 1.46963598 1.00000000
0.83402023 0.53582960 0.71916074 0.01895615 1.21769343 1.00000000
0.84676357 0.58906349 0.35507531 0.02163034 1.18964658 0.00000000
0.97041465 0.17989233 0.53264479 0.01178429 2.27127115 1.00000000
0.58524104 0.71689362 0.57649774 0.00924800 2.87190468 1.00000000
0.43330196 0.22339898 0.23935745 0.00764063 2.93427678 1.00000000
0.22550690 0.32052806 0.93481303 0.01213179 1.09368786 0.00000000
0.12737106 0.05452882 0.23005001 0.02049386 0.59187243 0.00000000
0.10239683 0.44577571 0.24850736 0.01976141 1.15157825 1.00000000
0.86320523 0.06863376 0.31300601 0.01032824 2.26139049 0.00000000
0.76949764 0.27427444 0.28804085 0.01333555 2.01817852 1.00000000
0.03094044 0.83611901 0.16446027 0.00946672 2.83672846 1.00000000
0.96179143 0.07555622 0.91088525 0.01107336 1.85158569 1.00000000
0.57498724 0.93630151 0.68335596 0.01741951 0.86114755 0.00000000
0.62864912 0.56444989 0.13614329 0.01580612 1.20699900 1.00000000
0.67318297 0.97306024 0.54640704 0.01351189 1.51359601 1.00000000
0.51085364 0.81452536 0.94167142 0.02360747 0.77367251 0.00000000
0.95707631 0.45363886 0.32027557 0.02773920 1.12774319 1.00000000
0.95542136 0.40816427 0.11966144 0.02892152 0.53580963 0.00000000
0.08068315 0.26303817 0.78174192 0.01734086 1.26445920 1.00000000
0.07441925 0.74991464 0.78780533 0.00617823 4.89953960 1.00000000
0.85075089 0.93988094 0.90257516 0.01682822 1.17559637 1.00000000
0.58493269 0.59133177 0.65656563 0.01566840 1.13272789 0.00000000
0.24332628 0.65971390 0.35644675 0.01312113 0.91311959 0.00000000
0.23421598 0.83786990 0.12666056 0.02965354 0.49534810 0.00000000
0.68143056 0.46463988 0.18646490 0.02202734 1.40666508 1.00000000
0.92420742 0.25215844 0.79686380 0.03105418 0.47769241 0.00000000
0.37038531 0.66269118 0.19414977 0.01826415 1.25122826 1.00000000
0.42938729 0.51500020 0.82083512 0.02233218 0.45049755 0.00000000
0.38313305 0.93681529 0.07590118 0.01957087 1.12505273 1.00000000
0.41034270 0.95306275 0.89138712 0.02820434 1.10175526 1.00000000
0.35616240 0.69382625 0.49977533 0.00294351 8.09977370 1.00000000
0.04829246 0.52973900 0.15083033 0.00955412 2.48524426 1.00000000
0.87183951 0.38377732 0.43342050 0.01776889 0.67853300 0.00000000
0.46966277 0.61955500 0.88728454 0.01257928 2.37391518 1.00000000
0.54133431 0.43310121 0.75652882 0.01673608 0.79920120 0.00000000
0.44174830 0.28113371 0.92678003 0.02630847 0.54340489 0.00000000
0.94571179 0.16329953 0.89895301 0.02098140 1.37550541 1.00000000
0.22433373 0.86115071 0.57446787 0.01915322 1.26285898 1.00000000
0.47662765 0.67947318 0.08939558 0.01510402 1.92720514 0.00000000
0.14638246 0.45500217 0.05268550 0.02307722 1.49936547 1.00000000
0.58066605 0.61614555 0.71267324 0.02418589 0.86653535 0.00000000
0.80404708 0.55305340 0.85927266 0.01721169 1.75258471 1.00000000
0.62468456 0.11914454 0.70952666 0.01365730 1.48934136 1.00000000
0.34513885 0.19137032 0.14248036 0.01353353 2.21553843 0.00000000
0.10125425 0.14008175 0.88845406 0.01157461 2.38027161 0.00000000
0.14215804 0.46467546 0.64414660 0.01116674 1.53824403 1.00000000
0.74575471 0.02510831 0.48149955 0.01399603 1.62996154 1.00000000
0.62488326 0.09473188 0.42136594 0.01299152 2.04257180 1.00000000
0.79136748 0.91757209 0.86494071 0.02773262 0.67486307 0.00000000
0.87498330 0.39817811 0.60498864 0.01929179 1.69653801 1.00000000
0.08386518 0.61905556 0.43412083 0.01986531 1.53161613 1.00000000
0.96032553 0.51679509 0.21226833 0.02901815 0.64606737 0.00000000
0.13294092 0.63357063 0.08715021 0.01892453 0.99898087 0.00000000
0.68558882 0.66975667 0.62101587 0.02499196 0.95306363 0.00000000
0.27840861 0.88032911 0.03780973 0.00634993 3.64171698 0.00000000
0.27794827 0.07099429 0.94026158 0.01362669 2.34554942 0.00000000
0.16380306 0.89225845 0.93516274 0.00454310 5.17108110 0.00000000
0.83045318 0.53809495 0.60474103 0.02584696 1.10758216 1.00000000
0.60509311 0.61212500 0.83350878 0.02525321 1.32180083 1.00000000
0.73050131 0.83036438 0.51942077 0.01578858 0.73488157 0.00000000
0.44396896 0.03180864 0.69109050 0.02321656 1.16794978 1.00000000
0.47872160 0.07630629 0.24328698 0.02342042 0.78829633 0.00000000
0.21328991 0.51094996 0.64686953 0.01223033 1.39921833 1.00000000
0.19679469 0.49739943 0.04501755 0.02158751 0.61799296 0.00000000
0.17869842 0.89301293 0.54117993 0.01382713 1.79434250 0.00000000
0.70287558 0.70145003 0.68334939 0.01867279 1.42803014 1.00000000
0.08346573 0.86529385 0.47794934 0.00421769 2.61604236 1.00000000
0.54525159 0.67479966 0.14756724 0.01152094 1.10341178 0.00000000
0.13460883 0.76891663 0.54156871 0.01634494 1.75037463 1.00000000
0.78922611 0.96605654 0.96640451 0.02249700 1.09914405 1.00000000
0.95078891 0.23219736 0.93603078 0.01716197 0.63706980 0.00000000
0.55077576 0.12960774 0.46313508 0.03003553 1.07363514 1.00000000
0.70485068 0.68801274 0.35455522 0.01548826 1.32865777 1.00000000
0.10334143 0.06715389 0.09080517 0.01444701 0.82391529 0.00000000
0.93098808 0.27409682 0.69903460 0.01550235 1.41745934 0.00000000
0.26316973 0.22226001 0.37724855 0.02192758 1.21264843 1.00000000
0.70558696 0.47540734 0.24622589 0.01944005 0.82674945 0.00000000
0.11490176 0.11903461 0.39410766 0.01871628 0.56716313 0.00000000
0.18326552 0.36424169 0.90662547 0.02446997 0.81990255 0.00000000
0.40758932 0.87534550 0.94815057 0.01436648 1.51580009 0.00000000
0.67470298 0.44054284 0.37981184 0.02026424 1.22913842 1.00000000
0.67580089 0.57068045 0.34434506 0.02213951 0.74498146 0.00000000
0.85520526 0.14520562 0.65429952 0.00472883 2.58258400 1.00000000
0.71553623 0.32343870 0.09251361 0.00773154 3.05949504 0.00000000
0.24168960 0.73895966 0.60362437 0.01349153 1.34848929 1.00000000
0.10149074 0.55817019 0.45287983 0.01794801 1.33989241 1.00000000
0.64637455 0.89130348 0.76865987 0.01805633 1.33662157 1.00000000
0.16635185 0.41632109 0.77167204 0.02721996 0.77398924 0.00000000
0.64055820 0.93303758 0.41210479 0.00499978 2.88703450 0.00000000
0.35825875 0.15360144 0.04690055 0.01865401 1.07748026 0.00000000
0.91982333 0.17593107 0.05403326 0.00127533 13.34593820 1.00000000
0.15218356 0.21643871 0.16166031 0.02690961 1.10453170 1.00000000
0.34784344 0.81664420 0.87178602 0.02027387 1.27010550 0.00000000
0.57668019 0.15089113 0.37932875 0.00901493 2.67190656 1.00000000
0.91228858 0.60862686 0.76210197 0.01972207 1.16570482 0.00000000
0.79536695 0.16978531 0.53818464 0.01768350 1.35621876 1.00000000
0.62980265 0.08996489 0.76506566 0.02055591 0.71397554 0.00000000
0.38763524 0.33480566 0.96561574 0.01255663 1.75760627 1.00000000
0.11826257 0.04771019 0.83974493 0.02093785 0.75575328 0.00000000
0.49369286 0.59826595 0.67944770 0.00495681 2.21956432 0.00000000
0.66355583 0.34351546 0.51892082 0.01324471 1.55413431 1.00000000
0.69103081 0.81246922 0.32164473 0.00997000 3.22114202 1.00000000
0.22422005 0.85490258 0.26862083 0.01214479 2.09447004 1.00000000
0.48590544 0.36778885 0.04602656 0.00641800 3.87957844 0.00000000
0.79328220 0.04605498 0.17603591 0.01958313 0.53920826 0.00000000
0.47124515 0.86133788 0.10476997 0.00639066 4.64795069 1.00000000
0.38989787 0.74994571 0.28390458 0.01298372 0.87004401 0.00000000
0.26470911 0.47635594 0.16226756 0.00412247 6.23069293 1.00000000
0.38188374 0.19159244 0.28545638 0.02453313 1.10253676 1.00000000
0.28370484 0.35697983 0.41537169 0.01358953 2.30963608 1.00000000
0.60431724 0.93026501 0.23064403 0.00614448 3.25659418 1.00000000
0.44109336 0.11117116 0.67532374 0.02526390 0.70386891 0.00000000
0.05770899 0.08549482 0.96106432 0.01234071 2.07043345 1.00000000
0.62476459 0.70524307 0.12699485 0.01348689 1.62515517 1.00000000
0.87247442 0.81962385 0.43471524 0.01791372 0.68566263 0.00000000
0.07669214 0.37315963 0.75616421 0.02679560 1.18721597 1.00000000
0.48366399 0.95970634 0.86069434 0.01973454 1.50279543 1.00000000
0.84138514 0.35054301 0.71872362 0.01935634 1.13018641 1.00000000
0.24481568 0.33356372 0.85859803 0.00412526 3.37348828 0.00000000
0.65258263 0.36082635 0.13860993 0.02629602 1.17315433 1.00000000
0.70274236 0.30795651 0.67065131 0.00829474 1.94254411 0.00000000
0.77391844 0.19850609 0.45862116 0.00782633 2.39556276 0.00000000
0.78590867 0.62485603 0.04206927 0.01747189 1.30082100 1.00000000
0.84550650 0.35734487 0.17602942 0.01213377 2.36202338 0.00000000
0.17276364 0.82736956 0.95903409 0.00867741 1.34013469 0.00000000
0.92930836 0.07464584 0.20591346 0.01245428 1.80576593 1.00000000
0.26177695 0.44336734 0.61346453 0.02414580 1.14640268 1.00000000
0.23017612 0.42617111 0.05125976 0.01310284 1.71930375 1.00000000
0.10471656 0.81852839 0.73089408 0.02227187 1.49261518 1.00000000
0.35138806 0.64348657 0.56117399 0.01078459 1.42672548 1.00000000
0.86562529 0.48770494 0.53371798 0.01248408 2.17669983 0.00000000
0.25889984 0.23917161 0.55764245 0.02923163 0.34696421 0.00000000
0.55571793 0.10231171 0.92713309 0.01713363 1.61406791 1.00000000
0.42362032 0.61115929 0.56331750 0.03139033 0.44760115 0.00000000
0.36436845 0.06387214 0.15780875 0.00954020 1.27380668 0.00000000
0.31630047 0.52821006 0.48329170 0.00828721 1.80289134 0.00000000
0.38093062 0.57813391 0.79437828 0.02149719 0.65912247 0.00000000
0.42209333 0.91438199 0.30929744 0.02430998 1.27456144 1.00000000
0.57891554 0.36203766 0.48515213 0.01798421 1.46340909 1.00000000
0.02336559 0.40468156 0.87704580 0.01391601 1.44034897 1.00000000
0.31053462 0.50260923 0.11824095 0.02609136 1.10858361 1.00000000
0.73630768 0.55383061 0.83844997 0.01968591 0.93480561 0.00000000
0.19858428 0.92607470 0.76827520 0.01592319 1.24959654 1.00000000
0.50897455 0.96255799 0.48266490 0.02972377 0.43806248 0.00000000
0.44134806 0.13560702 0.06850209 0.01660907 1.96235829 1.00000000
0.87269278 0.57682513 0.70804401 0.01713219 0.95687662 0.00000000
0.92720164 0.61903557 0.96582389 0.00743105 4.36197835 1.00000000
0.96062032 0.78310970 0.26817816 0.02458789 0.68206764 0.00000000
0.55289176 0.54905546 0.07875880 0.03205034 1.05522258 1.00000000
0.36536734 0.97501677 0.45274696 0.01254741 1.89634454 1.00000000
0.90733898 0.11941935 0.44262402 0.01141481 1.29157973 0.00000000
0.59321358 0.72152859 0.86269424 0.01640953 1.23634248 1.00000000
0.12912240 0.30175124 0.02794781 0.01097546 1.73349513 1.00000000
0.78823421 0.39001672 0.43507689 0.02628188 1.17734426 1.00000000
0.42040433 0.08239624 0.34384339 0.01044331 1.71610817 1.00000000
0.93001280 0.18008577 0.56536284 0.00943342 1.40014331 0.00000000
0.81548942 0.12105497 0.39822134 0.02974933 1.14825107 1.00000000
0.55825295 0.14066619 0.33673961 0.00929785 1.41726242 0.00000000
0.28196009 0.15635252 0.34441549 0.01499447 1.78732573 0.00000000
0.22178847 0.32386738 0.65016572 0.03099687 1.09720752 1.00000000
0.59466317 0.72412899 0.38300137 0.01754287 1.62053341 1.00000000
0.57549304 0.48024187 0.25548555 0.00898033 1.39894715 0.00000000
0.52181294 0.94996134 0.80973259 0.01633618 0.82392775 0.00000000
0.03752905 0.31325380 0.96853293 0.00698741 1.75894650 1.00000000
0.16171258 0.65888302 0.13871791 0.01665548 1.26795094 1.00000000
0.77932366 0.23267615 0.66864055 0.01170856 2.70876398 1.00000000
0.47140909 0.78624351 0.78684365 0.02638419 1.20258152 1.00000000
0.33460159 0.84812308 0.56739215 0.02544385 0.55531745 0.00000000
0.11247675 0.76541480 0.47707929 0.01753134 1.30179637 1.00000000
0.49331130 0.26278454 0.23155522 0.01621756 1.38560965 0.00000000
0.30640783 0.22642512 0.43349876 0.01019550 1.64145095 0.00000000
0.72810655 0.20347054 0.96006433 0.01325489 1.56366503 1.00000000
0.38398955 0.05243695 0.25476537 0.01681319 0.65961660 0.00000000
0.14704851 0.42787263 0.31786291 0.02246123 0.72587104 0.00000000
0.55346558 0.33200842 0.25776654 0.01842666 1.34466675 1.00000000
0.44937966 0.42771423 0.59944489 0.01730970 1.09973048 0.00000000
0.49137602 0.24679914 0.59221353 0.01622257 1.36049421 1.00000000
0.30803386 0.71157607 0.53891274 0.01909435 0.58655303 0.00000000
0.40510963 0.04145861 0.63618400 0.02378990 1.31842987 1.00000000
0.12173132 0.85578124 0.02092786 0.01057532 1.30003303 0.00000000
0.89363177 0.62472217 0.57366126 0.02037643 1.23725289 1.00000000
0.50806795 0.64069947 0.94972848 0.01285491 1.04137675 0.00000000
0.81464159 0.43985075 0.03717904 0.02322099 1.18637458 1.00000000
0.10383927 0.25681994 0.58679476 0.00150899 10.29920627 1.00000000
0.65176789 0.62650381 0.49694116 0.01762885 0.70170765 0.00000000
0.34177398 0.27891582 0.53421273 0.01728170 0.76454645 0.00000000
0.73234723 0.90538091 0.27103367 0.01258754 1.22631223 0.00000000
0.18721916 0.44913404 0.93842894 0.02691453 1.18694827 1.00000000
0.21112858 0.04433570 0.60683787 0.02374949 0.63487513 0.00000000
0.88296225 0.68289004 0.63071617 0.00617423 2.16296060 0.00000000
0.42024306 0.76909352 0.02184530 0.00477807 2.61805528 1.00000000
0.19015085 0.72594579 0.13182876 0.01871046 0.86921947 0.00000000
0.87836544 0.11987219 0.04603491 0.02760818 1.14577073 1.00000000
0.26580898 0.50224892 0.55919575 0.01163458 1.13516711 0.00000000
0.66661907 0.86186036 0.17652089 0.02758813 0.75175023 0.00000000
0.14290065 0.17312906 0.34916516 0.01230451 1.41563577 1.00000000
0.54380752 0.15832340 0.76440412 0.00888347 1.27237746 0.00000000
0.03492922 0.30337899 0.60797975 0.01902183 0.86019010 0.00000000
0.84191371 0.07108250 0.62506073 0.02029517 0.95252128 0.00000000
0.53245718 0.76856679 0.73082759 0.01655448 1.72405407 1.00000000
0.27719293 0.72973161 0.16819305 0.00810426 1.96082046 1.00000000
0.64758182 0.05900785 0.59741278 0.00199999 8.74051338 1.00000000
0.11945443 0.48457930 0.85980543 0.02081500 1.55163493 1.00000000
0.37176016 0.57923725 0.39312891 0.00759825 4.57596719 1.00000000
0.42591114 0.07539948 0.73035699 0.01526912 1.48747884 1.00000000
0.74326767 0.06951365 0.20194334 0.01905429 1.23086671 0.00000000
0.76725892 0.59617828 0.55711374 0.00819986 3.11348178 1.00000000
0.16742052 0.24801242 0.86541356 0.02238034 0.65391318 0.00000000
0.29973911 0.94039164 0.34923864 0.01455709 1.14950390 0.00000000
0.70742088 0.20400829 0.67417413 0.02466045 0.75484502 0.00000000
0.44054221 0.92291602 0.96161374 0.01420693 1.98473213 1.00000000
0.13419399 0.94077816 0.45066742 0.02459308 0.63850057 0.00000000
0.11632284 0.79535566 0.88355963 0.02884552 0.36918846 0.00000000
0.55044614 0.22233483 0.42884454 0.02350303 1.11716952 1.00000000
0.53168432 0.35609010 0.87612421 0.01115450 2.40496511 0.00000000
0.66678745 0.67592801 0.80690718 0.01427048 1.54051478 1.00000000
0.28447596 0.31858153 0.66544171 0.00689544 3.14862968 1.00000000
0.78349091 0.06487670 0.05339261 0.02459984 0.47237189 0.00000000
0.18224894 0.29128154 0.95731373 0.02049210 1.63737071 1.00000000
0.07102751 0.05692338 0.48801892 0.01115943 2.57664724 0.00000000
0.40907460 0.66724709 0.96486617 0.00113841 14.76735413 0.00000000
0.44278418 0.18932453 0.76391497 0.01722819 1.44664795 0.00000000
0.53954970 0.04453727 0.42461975 0.03165710 1.10458711 1.00000000
0.70903258 0.32252050 0.81052074 0.01133616 0.99931916 0.00000000
0.86750660 0.65051164 0.09873978 0.01180435 1.70222416 1.00000000
0.29835463 0.67015295 0.06846461 0.01817909 0.62489433 0.00000000
0.21425940 0.20181425 0.12249520 0.01146031 2.12201450 1.00000000
0.57238204 0.51208633 0.66739330 0.00834660 2.29564727 1.00000000
0.62868222 0.89681502 0.94791711 0.02748173 0.67795064 0.00000000
0.18020345 0.61034188 0.49266875 0.01264489 0.95180241 0.00000000
0.86918507 0.93374107 0.26714282 0.01058663 2.16240709 1.00000000
0.26750355 0.18479295 0.04290503 0.01062094 1.10666798 0.00000000
0.42068213 0.50008331 0.11219461 0.02014294 1.45090714 1.00000000
0.55758337 0.80235588 0.27238549 0.01200245 1.63547769 1.00000000
0.31555961 0.30252242 0.25606665 0.01725229 1.29264418 0.00000000
0.96703857 0.10431327 0.51403625 0.02008170 1.20158221 0.00000000
0.61169131 0.21206207 0.37183466 0.02107880 1.62237405 1.00000000
0.74883817 0.82229019 0.45768087 0.02324705 0.73696109 0.00000000
0.18021629 0.63650064 0.95642462 0.02022876 1.35689884 0.00000000
0.10663939 0.52827160 0.34290532 0.01642138 0.75967974 0.00000000
0.48568507 0.92812217 0.36687441 0.02189318 1.27750144 1.00000000
0.44251160 0.36610459 0.12949811 0.03220135 1.04878271 1.00000000
0.59060883 0.80289838 0.76351638 0.01940541 0.97424930 0.00000000
0.73072837 0.23436951 0.51745795 0.01689750 1.37822059 0.00000000
0.20810968 0.02237226 0.13257431 0.00611612 2.21600241 0.00000000
0.44004323 0.86870778 0.17905496 0.02397404 0.57463526 0.00000000
0.48106451 0.11045855 0.60376949 0.01839711 1.13191103 0.00000000
0.20661821 0.77546007 0.54955546 0.00779616 1.95201127 1.00000000
0.05624155 0.63614366 0.28907705 0.02288908 1.04628869 0.00000000
0.22369471 0.13929290 0.61032247 0.02436519 1.32937300 1.00000000
0.53956795 0.47564364 0.54144313 0.03105531 1.07114385 1.00000000
0.11354613 0.89079108 0.82779721 0.01610656 1.34365139 1.00000000
0.56274265 0.05589924 0.96388484 0.00364689 4.26396285 1.00000000
0.91161764 0.25420715 0.40880286 0.00658573 2.64300016 0.00000000
0.97206505 0.82047296 0.86275483 0.01770187 1.24592875 1.00000000
0.77570489 0.89504805 0.08360826 0.02036223 0.50719533 0.00000000
0.73820775 0.96994630 0.89707466 0.02332086 0.66897878 0.00000000
0.22117588 0.05303636 0.08547384 0.02684565 0.48228843 0.00000000
0.93332924 0.42738714 0.81099038 0.00252472 4.84270866 0.00000000
0.16260671 0.11763329 0.44647747 0.00911493 3.39525619 1.00000000
0.19957410 0.18161193 0.24729913 0.02701360 0.50003805 0.00000000
0.17824675 0.56463638 0.52755854 0.01721617 1.63183839 0.00000000
0.53671617 0.88997753 0.10968712 0.01937375 1.40992759 0.00000000
0.03092358 0.54338433 0.39006914 0.00724675 2.64380098 1.00000000
0.95924224 0.85872890 0.32092507 0.01843256 0.61387869 0.00000000
0.12137076 0.31898857 0.74031517 0.00391653 3.23373551 1.00000000
0.22380398 0.19858500 0.30556398 0.01937746 1.39981292 1.00000000
0.02430919 0.27878477 0.55599206 0.00713819 2.40051610 0.00000000
0.12975035 0.09801025 0.11617392 0.01618100 0.93008143 0.00000000
0.59519182 0.15370199 0.04121976 0.01095700 2.76064465 1.00000000
0.63681430 0.12695047 0.30955587 0.02165721 1.18542789 1.00000000
0.57142668 0.11600031 0.13442720 0.02751055 1.23076639 1.00000000
0.43327584 0.66052472 0.23191415 0.01540297 1.95635062 0.00000000
0.56259717 0.56436707 0.31541232 0.00217312 5.69415590 1.00000000
0.51668297 0.16326461 0.36613206 0.00736863 3.19438439 1.00000000
0.18609457 0.05987524 0.82525858 0.01083361 2.86741251 1.00000000
0.93527989 0.57279602 0.48699788 0.03058191 1.09970401 1.00000000
0.39063853 0.43843054 0.60714794 0.01860642 1.42343201 1.00000000
0.03540844 0.75478853 0.39336035 0.01101168 1.40488172 1.00000000
0.21517981 0.63335211 0.87748856 0.00833948 2.28291519 1.00000000
0.35346704 0.62190543 0.72591171 0.01311296 0.99977159 0.00000000
0.83258906 0.15519792 0.87836970 0.01055855 3.25183298 1.00000000
0.15856102 0.51208382 0.46897452 0.01650391 1.48811066 1.00000000
0.15598802 0.35867552 0.27970092 0.01384294 1.23927467 1.00000000
0.97285954 0.59564507 0.07545801 0.02207646 1.12733909 1.00000000
0.68126365 0.59926610 0.77454564 0.01583731 1.03201501 0.00000000
0.57929942 0.89921883 0.53144580 0.00064408 37.86826914 1.00000000
0.89783457 0.93203606 0.53105471 0.03224549 1.05469844 1.00000000
0.56560416 0.45172358 0.87060452 0.01591874 0.87729676 0.00000000
0.10939527 0.54268608 0.82537943 0.00611991 2.56445209 1.00000000
0.09956988 0.20735941 0.32520560 0.00858279 3.40922942 1.00000000
0.11320776 0.35113551 0.09208706 0.01144071 1.89084699 1.00000000
0.02996316 0.29609459 0.09608442 0.01942060 1.36646206 1.00000000
0.44463715 0.30130414 0.63859846 0.01109401 1.44178718 0.00000000
0.76459293 0.89157936 0.71633125 0.01910975 1.40163629 0.00000000
0.96187099 0.66367797 0.71383971 0.01889616 1.51114753 1.00000000
0.90240243 0.10896042 0.89587200 0.02733299 1.11343905 1.00000000
0.06243730 0.58778149 0.16139879 0.02397454 0.68059090 0.00000000
0.40009917 0.25860343 0.97472020 0.01545619 1.11647316 0.00000000
0.26320789 0.11592002 0.12269339 0.01468487 1.94242403 0.00000000
0.21168773 0.49859687 0.25238229 0.01587493 1.26037840 1.00000000
0.45058333 0.58252160 0.07675782 0.02090249 1.20820934 1.00000000
0.46477724 0.87773650 0.80970149 0.01280028 0.95879034 0.00000000
0.53908119 0.57676569 0.46628458 0.00738672 3.03384540 1.00000000
0.16152166 0.67491839 0.38273856 0.02979129 0.55549071 0.00000000
0.04998252 0.45095303 0.67964025 0.01185915 1.88049471 0.00000000
0.85664268 0.75625495 0.83419973 0.02059737 0.84165511 0.00000000
0.29179480 0.66254844 0.39027864 0.00959217 1.64232365 1.00000000
0.46255914 0.30500371 0.51261423 0.02637414 0.46982226 0.00000000
0.51567741 0.35096109 0.55228218 0.01636857 1.29210605 1.00000000
0.03540519 0.48102105 0.60750196 0.02912003 0.54443901 0.00000000
0.51478139 0.70210783 0.35286281 0.01134832 2.06674564 1.00000000
0.87374748 0.49857654 0.42643973 0.01266198 2.30508066 1.00000000
0.09497624 0.78930062 0.21927764 0.01405915 1.73987049 0.00000000
0.47042421 0.31757116 0.86375604 0.03065985 0.43160353 0.00000000
0.97284160 0.85681067 0.25133683 0.01239159 1.08618694 0.00000000
0.71025735 0.28592131 0.87800870 0.01191855 1.51883918 0.00000000
0.13037201 0.21377743 0.45557298 0.03034648 1.08878603 1.00000000
0.25622171 0.36758402 0.76491809 0.02556911 1.07536885 1.00000000
0.80344217 0.43723983 0.57544778 0.01349904 2.23851207 1.00000000
0.38263221 0.35223852 0.27229529 0.00716875 4.62580009 1.00000000
0.09604478 0.33252325 0.70240845 0.01526569 1.23833470 1.00000000
0.36400939 0.11708462 0.12707479 0.03025090 1.07352853 1.00000000
0.65205713 0.28969502 0.18687960 0.00369676 4.50066240 1.00000000
0.46805284 0.48889844 0.42595093 0.00951416 1.12430340 0.00000000
0.03761486 0.15782525 0.61352198 0.01881498 1.17878952 1.00000000
0.72521717 0.75683051 0.13332637 0.02616499 0.49615437 0.00000000
0.50743666 0.35829934 0.18879976 0.01578509 0.69035869 0.00000000
0.64371192 0.19138274 0.77616638 0.03072417 0.42280892 0.00000000
0.54664765 0.06906745 0.84918939 0.00886786 2.90625284 1.00000000
0.45456732 0.69802798 0.84009601 0.02519939 1.12741611 1.00000000
0.10467686 0.45551667 0.77460740 0.01445030 1.99194058 1.00000000
0.75135702 0.57738235 0.38208926 0.00770901 3.49774025 0.00000000
0.78060562 0.03790065 0.59297156 0.01169543 2.96457357 1.00000000
0.31660309 0.55268993 0.89429238 0.02175086 1.27548463 1.00000000
0.03166193 0.54079961 0.84341529 0.01229390 0.88254272 0.00000000
0.91759533 0.61403709 0.84875928 0.01397691 1.13694172 0.00000000
0.84213858 0.88102611 0.86099874 0.01637029 1.28470288 1.00000000
0.66508197 0.82467691 0.62458621 0.01345432 2.15193225 1.00000000
0.35649016 0.57390362 0.07667741 0.01781995 1.21934118 1.00000000
0.30842550 0.13224687 0.76042724 0.01453249 1.09103020 0.00000000
0.08464306 0.37095939 0.38437838 0.00254677 4.13449672 0.00000000
0.90871062 0.68215337 0.85675989 0.01892306 0.92239106 0.00000000
0.33629493 0.44816168 0.29105808 0.02383224 0.79893209 0.00000000
0.18371389 0.96157924 0.34753706 0.01925417 1.10713130 0.00000000
0.42841446 0.68810298 0.59872348 0.00796214 1.96343614 0.00000000
0.70814760 0.15133273 0.60321183 0.01894269 1.45086281 1.00000000
0.49611201 0.50785058 0.11054629 0.02603900 1.16447953 1.00000000
0.93520760 0.37547860 0.30516219 0.02478494 0.91533426 0.00000000
0.29541102 0.31286094 0.82538692 0.01443031 1.08873431 0.00000000
0.29482648 0.81765635 0.69481052 0.00560299 4.29941600 1.00000000
0.93085341 0.14168072 0.37378406 0.02482288 1.39389674 1.00000000
0.72627603 0.03762233 0.70764145 0.01278447 1.98272269 0.00000000
0.08577693 0.74619277 0.58439867 0.01712991 0.81924930 0.00000000
0.08424453 0.13003301 0.74805064 0.02111800 0.82421558 0.00000000
0.92068441 0.35564045 0.43710290 0.02278114 1.12159031 1.00000000
0.20130376 0.71912150 0.73628664 0.02141829 1.27469780 1.00000000
0.17541482 0.65102517 0.30610020 0.01937514 1.48905799 1.00000000
0.47870217 0.76148298 0.40587308 0.00205135 15.69990554 1.00000000
0.64212688 0.05606746 0.38838928 0.00200932 8.34965622 1.00000000
0.75424078 0.86120462 0.49924976 0.01150493 1.45098203 1.00000000
0.90702721 0.18394681 0.74790947 0.01794643 1.35166774 1.00000000
0.45903739 0.75702430 0.85528210 0.00353278 3.32193259 1.00000000
0.30428992 0.87324168 0.68752130 0.01489935 1.69836908 1.00000000
0.80890349 0.93894573 0.53494698 0.01666087 1.23914769 1.00000000
0.39001863 0.10627033 0.88750757 0.02384619 0.49201094 0.00000000
0.77312262 0.34666461 0.35250770 0.01615071 0.65851787 0.00000000
0.07986437 0.41917990 0.07473209 0.02439247 0.46167902 0.00000000
0.80289911 0.33981272 0.27159955 0.01068552 0.97077037 0.00000000
0.66489285 0.04937306 0.90391141 0.01208056 2.25782207 1.00000000
0.59781172 0.75645952 0.23990917 0.00962556 1.51285179 1.00000000
0.50084942 0.95420306 0.30082996 0.01797781 1.17185685 1.00000000
0.08834700 0.02863870 0.95553929 0.00744999 1.59502313 0.00000000
0.34450638 0.61523648 0.82880269 0.02459438 0.57756072 0.00000000
0.33822941 0.27408318 0.81544955 0.02422339 1.12364202 1.00000000
0.74312250 0.68472133 0.12496115 0.01109369 0.95306479 0.00000000
0.60012575 0.51907237 0.72124902 0.02417294 1.29132396 1.00000000
0.60355283 0.76359670 0.61281915 0.01074269 1.42680787 0.00000000
0.74198616 0.62684970 0.46094200 0.02848184 0.49387561 0.00000000
0.52817405 0.46988861 0.62256931 0.01361032 1.29918433 1.00000000
0.92420281 0.42551204 0.69358010 0.02717484 1.19389816 1.00000000
0.26036367 0.70022227 0.33216371 0.00121751 19.95916477 0.00000000
0.20883054 0.27150572 0.37187241 0.02864002 0.65230484 0.00000000
0.36777189 0.04536008 0.31167937 0.01694500 1.39579749 1.00000000
0.60993601 0.18997592 0.69431547 0.00945637 2.83163133 0.00000000
0.83890630 0.28329917 0.90595571 0.00677779 2.63641544 0.00000000
0.29372309 0.28115471 0.90914738 0.01085139 1.40366645 1.00000000
0.06525841 0.80158104 0.95886250 0.02563630 0.60145296 0.00000000
0.03688505 0.85852487 0.27997515 0.02254308 1.39295429 1.00000000
0.83757521 0.33090173 0.43939901 0.01479726 2.09068619 1.00000000
0.03466130 0.38095850 0.29156626 0.01121174 2.26029796 1.00000000
0.03948829 0.45558147 0.07315972 0.01606993 0.62615825 0.00000000
0.62789906 0.17468004 0.21178875 0.01754619 1.19566214 0.00000000
0.69580721 0.67430387 0.28943013 0.02500111 0.42865847 0.00000000
0.66519450 0.83442741 0.11991974 0.00854303 1.80383239 1.00000000
0.56536752 0.63112059 0.21090488 0.01586057 1.23620900 1.00000000
0.94687950 0.09360745 0.72959725 0.01122157 1.99972552 0.00000000
0.04405127 0.45752836 0.17999840 0.03151864 0.40015574 0.00000000
0.17138311 0.85191086 0.57030744 0.01004407 1.70659676 1.00000000
0.54385540 0.26651157 0.95689721 0.01696874 1.45509019 1.00000000
0.68371813 0.75383935 0.51812186 0.01246318 1.38400674 0.00000000
0.70527281 0.04193149 0.03771132 0.00666343 2.14588253 1.00000000
0.30172571 0.94531933 0.60139257 0.02781899 0.61244655 0.00000000
0.72086382 0.52078323 0.70003813 0.01944613 1.15224809 1.00000000
0.68736175 0.45091268 0.96244747 0.01781568 1.54675569 1.00000000
0.65421261 0.69956533 0.50257763 0.01806337 1.23742280 1.00000000
0.46021035 0.92432000 0.52434345 0.00733960 3.14008171 0.00000000
0.16601885 0.47387919 0.59669965 0.01071273 2.61714650 1.00000000
0.22432993 0.35829151 0.02410514 0.01278138 0.78548085 0.00000000
0.35815354 0.14072693 0.85545716 0.01380372 1.39399469 1.00000000
0.66189498 0.04117906 0.73684604 0.02535938 1.09536832 1.00000000
0.78370093 0.31350094 0.17390905 0.02691434 1.08034800 1.00000000
0.11933342 0.33984112 0.44102091 0.01154558 1.02142258 0.00000000
0.93183648 0.75135474 0.48494301 0.01619436 1.27713253 1.00000000
0.80559838 0.66426636 0.09731982 0.02232678 1.09836352 0.00000000
0.52179740 0.35910529 0.45506805 0.02788644 1.16010294 1.00000000
0.96911368 0.71949393 0.04132456 0.00611198 4.20368615 0.00000000
0.90967769 0.15427374 0.82266157 0.01791109 1.51604278 1.00000000
0.93436371 0.50673856 0.82717311 0.01657174 1.25753272 1.00000000
0.63360991 0.41207856 0.27656140 0.02175500 1.18644804 1.00000000
0.53257525 0.21952046 0.35756976 0.01648559 0.82582370 0.00000000
0.71526875 0.17847534 0.12500256 0.00797431 3.84947470 0.00000000
0.27245876 0.95438818 0.06898102 0.01266491 1.35292686 1.00000000
0.32953181 0.45713627 0.92296919 0.00697602 4.17366733 0.00000000
0.55016163 0.75076532 0.84696183 0.02357022 0.51178916 0.00000000
0.12645547 0.75499256 0.65459578 0.03059442 0.39862710 0.00000000
0.46295197 0.05141191 0.03638922 0.01788470 1.46039356 1.00000000
0.41180324 0.05391159 0.94454718 0.00749019 1.84986264 1.00000000
0.85644972 0.07687830 0.90751251 0.01011767 1.09497392 0.00000000
0.95274609 0.24452819 0.74145012 0.01908643 0.59913699 0.00000000
0.96507032 0.55117275 0.92635178 0.00847579 2.37393782 0.00000000
0.09427915 0.20108776 0.79632669 0.01140429 1.72609560 1.00000000
0.63478773 0.72601994 0.55024947 0.01703071 0.76807445 0.00000000
0.81693798 0.10879489 0.18643009 0.01566324 0.86020840 0.00000000
0.39785836 0.67527558 0.37542982 0.02013313 0.49948714 0.00000000
0.06668617 0.31118697 0.78059090 0.00458918 3.50550982 1.00000000
0.62157086 0.65395376 0.06987186 0.02279174 0.69971469 0.00000000
0.86404763 0.21986926 0.32663677 0.00057206 38.04594200 1.00000000
0.66070531 0.47972864 0.48660542 0.02531643 0.55405156 0.00000000
0.89670973 0.03224502 0.37974107 0.00260130 10.86443189 1.00000000
0.09861766 0.67314599 0.09823710 0.01295015 0.97502724 0.00000000
0.46679107 0.04907086 0.91599859 0.02281088 1.21000804 1.00000000
0.04618186 0.90519896 0.47955967 0.02459496 1.12439214 1.00000000
0.27041148 0.67038792 0.24384582 0.01697729 0.93369280 0.00000000
0.05019830 0.81284087 0.60103785 0.01743691 1.35602027 1.00000000
0.56250581 0.86263002 0.04199246 0.01248150 1.35623911 1.00000000
0.73821729 0.92400066 0.61517421 0.01093384 1.15886913 0.00000000
0.79353615 0.10894875 0.49359329 0.02307637 1.34234929 1.00000000
0.59578859 0.96927087 0.50858478 0.01783072 1.64285590 1.00000000
0.75394089 0.51837713 0.75932240 0.00698739 2.98402512 1.00000000
0.41430557 0.59490286 0.64932441 0.02905363 0.46260321 0.00000000
0.54499058 0.96285053 0.11579820 0.03104988 1.12343261 1.00000000
0.32453135 0.93591619 0.11398676 0.00396686 2.52138097 0.00000000
0.03120958 0.23301296 0.72031225 0.01328997 1.18641980 0.00000000
0.79827511 0.55680572 0.78452129 0.00865059 2.38385056 1.00000000
0.05827805 0.17241276 0.70868749 0.02107458 0.89262107 0.00000000
0.96079003 0.55674161 0.37248019 0.01091249 2.88053463 1.00000000
0.72068027 0.19936214 0.60768185 0.00966607 1.76973417 1.00000000
0.96544391 0.69593314 0.25233587 0.00552749 5.70338411 1.00000000
0.06140437 0.61244097 0.83817386 0.02443993 0.96898839 0.00000000
0.72399066 0.46198222 0.08009693 0.00927518 1.42524456 0.00000000
0.30913232 0.43288596 0.48575580 0.01410973 1.23312608 0.00000000
0.91693909 0.32720518 0.20619450 0.01823360 0.56280556 0.00000000
0.14692069 0.77492464 0.17304291 0.02095079 0.77701846 0.00000000
0.24864750 0.74091653 0.83884107 0.01914177 1.54973868 1.00000000
0.52780543 0.70760116 0.97849346 0.00514263 2.44011200 1.00000000
0.88556331 0.79111683 0.72106217 0.01550228 1.91077341 0.00000000
0.92027952 0.31003560 0.06501662 0.00991810 1.86686547 0.00000000
0.85000948 0.59450973 0.21873401 0.02049719 1.15940314 1.00000000
0.78258630 0.54219153 0.18073055 0.00252999 4.32659127 0.00000000
0.74961568 0.16717201 0.81515587 0.00938091 1.98476455 1.00000000
0.85722397 0.95946558 0.44939857 0.01310179 2.64791745 1.00000000
0.16363373 0.75678733 0.87519160 0.01804226 1.14960100 1.00000000
0.27894467 0.47318450 0.72262762 0.00974828 1.47257132 1.00000000
0.13983941 0.58308315 0.32082399 0.01491082 1.05316863 0.00000000
0.61600793 0.95260762 0.62163045 0.02450208 0.75384022 0.00000000
0.20468358 0.75793470 0.98668309 0.00061590 17.56125036 1.00000000
0.83202143 0.44858632 0.10645079 0.01895133 0.81629477 0.00000000
0.47618211 0.88898250 0.03325624 0.01091252 1.38985248 1.00000000
0.03589128 0.97485690 0.49011369 0.01998580 1.16058153 1.00000000
0.25951978 0.23971863 0.93704477 0.01523003 2.24386334 1.00000000
0.66758293 0.41416650 0.43490938 0.01021378 1.16353621 0.00000000
0.61319144 0.91616638 0.73027685 0.01789168 0.97630877 0.00000000
0.73657313 0.70968446 0.77378492 0.00679691 2.41906072 0.00000000
0.58718092 0.03012852 0.27656427 0.01638002 1.51148061 1.00000000
0.56923354 0.56891072 0.61162315 0.00642351 3.19682886 0.00000000
0.04547008 0.53336666 0.96002038 0.00693744 2.54482781 1.00000000
0.08134550 0.07880500 0.74555505 0.00918450 1.10438868 0.00000000
0.06591079 0.18807589 0.65043503 0.01989585 1.20415303 1.00000000
0.34614733 0.75650021 0.10455908 0.01032163 1.27026489 0.00000000
0.28650115 0.31981510 0.78122090 0.00775842 1.83576102 1.00000000
0.81833656 0.66744599 0.81892985 0.03221488 1.08293918 1.00000000
0.57809997 0.66300312 0.61692844 0.01679614 1.19674262 1.00000000
0.85870294 0.35698691 0.97019025 0.01469054 1.28146874 1.00000000
0.83447517 0.71426009 0.33221629 0.02682517 1.13939919 1.00000000
0.61167827 0.04038235 0.06246972 0.01187725 2.44161171 1.00000000
0.85396902 0.39216134 0.12130203 0.01520331 1.63786111 0.00000000
0.02284357 0.06265694 0.21260149 0.01171547 1.30266333 0.00000000
0.03381063 0.38679354 0.62353250 0.01321788 1.60270440 1.00000000
0.62379087 0.70050912 0.91974670 0.01283499 2.32372145 1.00000000
0.82297222 0.33406013 0.35204386 0.01635413 1.05573632 0.00000000
0.44336678 0.79725898 0.89206539 0.01242792 1.15416923 0.00000000
0.58736598 0.02182026 0.66881613 0.00977290 1.46664757 1.00000000
0.19169752 0.88123351 0.42408554 0.02987109 1.08481235 1.00000000
0.32881866 0.70893169 0.42190843 0.02270774 1.44238135 1.00000000
0.81334000 0.42092265 0.17377503 0.02520180 0.43948801 0.00000000
0.54724408 0.73343396 0.28345015 0.01699820 1.21703646 1.00000000
0.65561013 0.54924286 0.51779362 0.01233624 1.64287558 1.00000000
0.66284704 0.95976182 0.34152449 0.02579186 1.23835280 1.00000000
0.56247193 0.86455558 0.77162925 0.00793281 3.86348445 1.00000000
0.82802872 0.78129239 0.04961632 0.02063408 0.70255727 0.00000000
0.49551308 0.54867887 0.67705982 0.01781284 1.30963122 1.00000000
0.40626041 0.83469950 0.05130952 0.03064357 0.45881201 0.00000000
0.79219944 0.23407825 0.61256253 0.00911227 1.85223655 0.00000000
0.92008952 0.21597770 0.86171125 0.00722804 2.18790896 1.00000000
0.50002687 0.82582949 0.53526680 0.00913714 1.86193844 0.00000000
0.33373078 0.23077302 0.30991863 0.01310681 1.32482745 1.00000000
0.22693201 0.49277296 0.91645890 0.00966657 2.42654268 1.00000000
0.05510778 0.67932746 0.80293118 0.00458316 6.58723136 1.00000000
0.28169424 0.73228080 0.05413318 0.01088451 2.10636424 1.00000000
0.55385752 0.10105203 0.65352508 0.02791730 0.37975884 0.00000000
0.35144288 0.37963788 0.76304351 0.01925840 1.17345266 1.00000000
0.18799512 0.96317172 0.53211203 0.02911829 1.19484572 1.00000000
0.36926645 0.84935238 0.13797744 0.01466195 1.26253117 0.00000000
0.11427723 0.70745419 0.05954558 0.02060305 1.26963174 1.00000000
0.67331380 0.42742128 0.14272295 0.00379064 5.69801963 0.00000000
0.30825151 0.39797832 0.25802715 0.00688370 2.38002076 1.00000000
0.88318984 0.36900216 0.33274617 0.01268330 1.09796170 0.00000000
0.27882802 0.77418643 0.61207163 0.00395580 6.25864614 0.00000000
0.87221545 0.23187978 0.96166038 0.02329305 1.11025666 1.00000000
0.02819228 0.29760327 0.69121323 0.02142672 0.74121985 0.00000000
0.77815117 0.63951076 0.30027348 0.02312061 0.67764060 0.00000000
0.29589026 0.81917527 0.51864927 0.01355901 1.04283028 0.00000000
0.76086263 0.49545229 0.94252819 0.02188168 1.10049555 1.00000000
0.78370925 0.94758159 0.34943980 0.00955403 2.15431602 0.00000000
0.48747051 0.42838876 0.83976680 0.01317600 1.59754503 1.00000000
0.42352422 0.97525887 0.05672002 0.01196776 1.32292789 0.00000000
0.95552847 0.68283098 0.89490232 0.01534241 1.09559861 0.00000000
0.60698035 0.27006675 0.07346087 0.01544914 1.50879006 1.00000000
0.74387895 0.10195995 0.12663361 0.01733953 1.40415800 1.00000000
0.13031435 0.89276588 0.76732326 0.02254860 0.69822330 0.00000000
0.87215832 0.53668530 0.76409971 0.01192960 2.36245019 1.00000000
0.68090394 0.48368489 0.30187681 0.02195102 0.85112105 0.00000000
0.15473734 0.40071854 0.44083279 0.01310970 1.91352105 1.00000000
0.13751694 0.58416497 0.39435190 0.01894245 1.71063985 1.00000000
0.84393307 0.28588039 0.25990271 0.00916768 1.97250481 1.00000000
0.03351142 0.78516126 0.47093131 0.03003816 0.37670456 0.00000000
0.07502562 0.14500403 0.32367810 0.02333691 0.91524672 0.00000000
0.46478862 0.15846601 0.22605795 0.01725695 0.96062790 0.00000000
0.45966117 0.82241755 0.97502783 0.01309584 1.00727013 0.00000000
0.32320934 0.20183202 0.82974749 0.00059979 28.01173538 1.00000000
0.50685958 0.09239066 0.69207036 0.00081291 13.93861302 1.00000000
0.19135723 0.14536637 0.89973189 0.01316954 0.97596449 0.00000000
0.04717212 0.60510592 0.50132809 0.01301664 1.59292665 1.00000000
0.19653353 0.94535537 0.27496095 0.02501412 1.17898912 1.00000000
0.85237658 0.97369521 0.07563454 0.01089440 2.23917093 1.00000000
0.50903459 0.80750747 0.60877101 0.02578399 1.24085110 1.00000000
0.53716353 0.39560528 0.60359489 0.01244171 1.79615055 0.00000000
0.12686584 0.04039907 0.73860972 0.02046684 0.92309545 0.00000000
0.94049359 0.34971781 0.16055974 0.01916961 0.61572322 0.00000000
0.19527334 0.26859060 0.24361125 0.02679933 1.23517106 1.00000000
0.05731910 0.88963939 0.63004692 0.01715859 1.18023369 1.00000000
0.90597232 0.40403840 0.85904263 0.02075419 0.74091602 0.00000000
0.80207997 0.03573478 0.35328814 0.03154642 0.37914829 0.00000000
0.36975323 0.78580788 0.64064105 0.00984956 1.49945425 1.00000000
0.44111857 0.77471448 0.31275794 0.01221898 1.24171235 0.00000000
0.22736410 0.67262932 0.44597632 0.00643899 3.17639564 0.00000000
0.75460371 0.77061478 0.38789106 0.01048663 1.32062661 0.00000000
0.79024572 0.74784698 0.07394532 0.01585146 1.55771663 1.00000000
0.75641163 0.63537985 0.15512297 0.02130003 1.55723553 1.00000000
0.95846817 0.82622104 0.46975182 0.02255050 1.40749793 1.00000000
0.35808797 0.73779766 0.31442090 0.00307105 6.26365200 1.00000000
0.15883277 0.97760742 0.19010151 0.00961789 2.13111370 1.00000000
0.84033289 0.51733128 0.96472790 0.01040388 1.78775788 0.00000000
0.37033332 0.19485078 0.60229511 0.00199367 8.31269725 0.00000000
0.59345129 0.07749175 0.32997574 0.00711835 2.82056339 0.00000000
0.68200309 0.09411868 0.26467772 0.01526104 1.44194510 1.00000000
0.13405876 0.04747030 0.07983930 0.00826050 1.72869272 1.00000000
0.48004967 0.50725220 0.04624770 0.02172090 0.73200019 0.00000000
0.14409167 0.14386538 0.24638319 0.02792021 0.45947505 0.00000000
0.27991036 0.26941302 0.83426594 0.00600344 2.45212174 1.00000000
0.46460594 0.62754317 0.81419510 0.01117945 0.97735821 0.00000000
0.67409226 0.91059335 0.62779731 0.01194722 1.57731046 1.00000000
0.11846005 0.25481238 0.11154028 0.01093859 1.48606323 1.00000000
0.05349106 0.05907592 0.39723418 0.01286869 1.91185651 1.00000000
0.19405004 0.14611219 0.80907787 0.02571082 0.40622480 0.00000000
0.58521661 0.39274350 0.22815651 0.01097070 1.00008032 0.00000000
0.51017699 0.15372438 0.67597552 0.01416554 1.55872099 1.00000000
0.40250588 0.95084762 0.25828874 0.01292114 2.24718343 1.00000000
0.89434679 0.91315950 0.08667367 0.01403238 1.24539239 0.00000000
0.19059161 0.37144080 0.12420005 0.02958564 0.48808221 0.00000000
0.54073845 0.89913108 0.96201167 0.02191858 1.23162716 0.00000000
0.17057717 0.09831094 0.61217377 0.01351365 0.94287646 0.00000000
0.39325230 0.21553303 0.56769245 0.01109631 1.60628041 1.00000000
0.83351512 0.51573524 0.17288695 0.01429565 1.35020992 0.00000000
0.73262535 0.92699242 0.76249322 0.02178856 0.68511900 0.00000000
0.71134195 0.79576895 0.57088330 0.01892414 1.23909850 0.00000000
0.75121435 0.71762147 0.33472109 0.01320573 2.39560229 1.00000000
0.60348733 0.25944708 0.70076303 0.02585637 0.50216315 0.00000000
0.07106944 0.96939593 0.78276026 0.00985515 2.28451367 0.00000000
0.13237274 0.44135317 0.18315643 0.01124459 1.20830826 0.00000000
0.97539920 0.66396735 0.11245914 0.00416211 3.71208068 0.00000000
0.42197447 0.51140634 0.63850333 0.00610878 5.39000249 1.00000000
0.05016336 0.05585090 0.85658121 0.02957140 1.08718263 1.00000000
0.38103069 0.23581682 0.91880521 0.01507375 1.41134575 1.00000000
0.88028775 0.06191166 0.74331983 0.00171440 17.42608788 0.00000000
0.27054709 0.56421769 0.16255504 0.00422561 5.17102967 0.00000000
0.24152472 0.58753885 0.04519575 0.02997065 1.10195485 1.00000000
0.21731676 0.06135793 0.16942548 0.01547211 1.29646593 0.00000000
0.27998274 0.52148269 0.07616870 0.00536842 3.87677877 1.00000000
0.26256538 0.14663632 0.95046732 0.02423126 1.24445626 1.00000000
0.63086771 0.30023291 0.95697576 0.00997785 1.34926506 0.00000000
0.44499301 0.03508651 0.83689798 0.01265275 0.86598418 0.00000000
0.50825644 0.08109864 0.20189659 0.00107553 10.14855129 0.00000000
0.27684206 0.05868769 0.45269790 0.00868154 1.68396745 0.00000000
0.97859933 0.03025256 0.75304113 0.00432135 2.57103724 1.00000000
0.81853812 0.88955110 0.52209581 0.02068892 1.18526287 1.00000000
0.67088558 0.37294476 0.55459393 0.01133197 1.40966705 0.00000000
0.85925177 0.71534841 0.05933279 0.00970903 2.06822062 0.00000000
0.15732056 0.64876585 0.62449051 0.02950207 0.49014442 0.00000000
0.34729733 0.34326513 0.92413766 0.02155779 0.73932032 0.00000000
0.77107271 0.14221471 0.23497589 0.02675791 1.28440797 1.00000000
0.37737586 0.28910586 0.04971814 0.01417949 1.02234011 0.00000000
0.09469963 0.37921420 0.96880203 0.00396492 3.19880760 1.00000000
0.51549030 0.06141026 0.13840346 0.02401911 1.12722754 1.00000000
0.59025907 0.59930466 0.57189201 0.01827792 1.21767092 1.00000000
0.09057280 0.07487108 0.90829585 0.01522466 0.68905995 0.00000000
0.12450439 0.95432426 0.62173857 0.02257114 0.48251047 0.00000000
0.81384617 0.59968460 0.90337913 0.01838699 0.54873849 0.00000000
0.77858818 0.68428504 0.69353587 0.02052013 0.74555960 0.00000000
0.35627093 0.17710846 0.96919885 0.00866628 1.64015684 1.00000000
0.25519240 0.38845973 0.65658148 0.01947385 1.33307067 0.00000000
0.72446428 0.33430179 0.19627624 0.00425798 2.80219585 1.00000000
0.63894009 0.10215303 0.05223407 0.01432145 1.69403476 0.00000000
0.25646142 0.91036194 0.15214147 0.01028007 2.66467581 0.00000000
0.77895977 0.57139346 0.10539187 0.01336361 0.80473371 0.00000000
0.35268762 0.95873595 0.83544344 0.01179887 1.01989215 0.00000000
0.74665876 0.43489375 0.26888034 0.02311266 0.81800419 0.00000000
0.97917745 0.12249972 0.87641654 0.01595277 0.71451869 0.00000000
0.30539671 0.45849804 0.06556899 0.02475187 1.12580062 1.00000000
0.43781665 0.93700086 0.66306506 0.00720667 2.75523924 0.00000000
0.24979598 0.32193270 0.05474124 0.01719424 1.77115846 1.00000000
0.35775428 0.39268486 0.34839646 0.01453259 0.98436868 0.00000000
0.13314979 0.33073210 0.31898708 0.01231443 1.88145466 1.00000000
0.71149994 0.07254823 0.63068435 0.02926018 0.45855086 0.00000000
0.81030888 0.76879500 0.37189444 0.00739751 1.45790393 0.00000000
0.97003772 0.34249405 0.71210734 0.00670306 2.41051808 1.00000000
0.93370902 0.03094800 0.64676410 0.02495343 0.51728297 0.00000000
0.39285364 0.41281560 0.38092865 0.00744707 1.50312776 0.00000000
0.49715647 0.52882069 0.59489297 0.02482197 0.87319239 0.00000000
0.79061949 0.71117073 0.16211272 0.01564803 1.36370058 1.00000000
0.04172328 0.77240263 0.04000325 0.01129174 1.45428854 1.00000000
0.53657476 0.84550166 0.25553135 0.02108886 0.73384727 0.00000000
0.13018179 0.94878604 0.69824198 0.02252421 1.03140148 0.00000000
0.31740543 0.17309109 0.66462682 0.01528037 1.30377738 0.00000000
0.37794943 0.30335045 0.77460711 0.00416937 3.18647097 0.00000000
0.74059415 0.86010694 0.18371324 0.02666738 1.08734063 1.00000000
0.24425097 0.46287271 0.67501481 0.02963453 0.36143994 0.00000000
0.50605584 0.18081624 0.12424571 0.01972884 1.24493868 0.00000000
0.23411944 0.38010655 0.44959166 0.00484072 5.80050243 1.00000000
0.19915531 0.87261357 0.35799951 0.00900533 1.43562708 0.00000000
0.90579013 0.95303929 0.63122680 0.01558420 1.43584968 1.00000000
0.03202230 0.34164683 0.43974056 0.02470165 1.18434122 1.00000000
0.40582019 0.51166266 0.73023527 0.00950095 2.31478553 0.00000000
0.79372078 0.38486060 0.73419462 0.02155581 1.28608644 1.00000000
0.48458651 0.13745309 0.53776208 0.00915815 2.29522267 0.00000000
0.81457795 0.88214407 0.65021850 0.02295420 1.11369465 1.00000000
0.87691409 0.81368191 0.20995799 0.01217313 2.55488179 0.00000000
0.17512498 0.80601943 0.51275120 0.00205165 13.81540132 0.00000000
0.32100435 0.63887534 0.16166708 0.01889016 1.17723299 1.00000000
0.23791746 0.82673323 0.63492474 0.02966348 1.06194003 1.00000000
0.70465394 0.06722669 0.78580804 0.00825761 1.58882969 1.00000000
0.02150835 0.41599906 0.05526952 0.01138813 1.78393250 1.00000000
0.14094760 0.88438532 0.19206571 0.02206277 1.09927277 1.00000000
0.66547930 0.87747162 0.36349174 0.01307232 2.43565730 1.00000000
0.66211241 0.19207406 0.97136045 0.01410444 0.88133034 0.00000000
0.58462184 0.42315615 0.14035795 0.01394437 1.42750001 1.00000000
0.34256932 0.03691801 0.95930192 0.02801544 1.06789817 1.00000000
0.27657092 0.67190022 0.90727621 0.02118525 0.99226755 0.00000000
0.64556508 0.81990356 0.54698520 0.03133152 0.48420316 0.00000000
0.96153188 0.41466766 0.37973743 0.01175294 1.45629836 1.00000000
0.03543612 0.45549321 0.80631204 0.02748990 1.22420228 1.00000000
0.19128897 0.25267825 0.32266534 0.01025277 1.41026013 1.00000000
0.77525128 0.81488833 0.86761779 0.02632281 0.42527235 0.00000000
0.33624278 0.35426643 0.81464516 0.01784254 1.25511529 1.00000000
0.55830498 0.56661964 0.37612272 0.00761095 3.26866666 0.00000000
0.03345076 0.54360825 0.44071989 0.02223555 0.48392663 0.00000000
0.77913899 0.05022041 0.81404673 0.00937100 2.43759382 0.00000000
0.40716105 0.95357516 0.37238680 0.02546448 1.21330196 1.00000000
0.26713195 0.28137553 0.20138520 0.00804995 3.24151094 1.00000000
0.73964594 0.65272651 0.24911196 0.01011155 2.80581262 0.00000000
0.07809849 0.26334185 0.29401983 0.00186361 12.29978925 1.00000000
0.69659319 0.81242921 0.83112044 0.02263207 0.60212332 0.00000000
0.29435118 0.69310091 0.48514477 0.01168631 1.39933905 0.00000000
0.57241044 0.11042883 0.31061511 0.00771828 1.66811754 0.00000000
0.13138524 0.08166054 0.95867551 0.02359578 0.54810918 0.00000000
0.49211925 0.40180305 0.74243390 0.01149258 1.48644990 0.00000000
0.61414235 0.12270656 0.95403497 0.00928072 1.65891957 1.00000000
0.22320156 0.37935292 0.59169987 0.01179060 0.88589333 0.00000000
0.66659603 0.91177464 0.55291787 0.02789594 0.42370375 0.00000000
0.19789094 0.32772343 0.71821192 0.02907962 1.07623484 1.00000000
0.96244818 0.28391199 0.16464573 0.01036969 1.28186656 0.00000000
0.95226588 0.54502213 0.04426943 0.00991001 2.11992922 0.00000000
0.18462253 0.58157551 0.77239933 0.00892347 3.53500951 0.00000000
0.01988333 0.68474002 0.13125922 0.00977510 1.03024633 0.00000000
0.26775894 0.29201436 0.56768896 0.01302036 0.76839153 0.00000000
0.47814751 0.90216574 0.77406954 0.01822104 0.62131910 0.00000000
0.16689323 0.50880595 0.14707313 0.01734821 1.53710042 1.00000000
0.83381795 0.40353591 0.23477445 0.02356962 0.63625027 0.00000000
0.64675650 0.63275995 0.95055390 0.02879698 1.17680764 1.00000000
0.36374597 0.20782154 0.06026894 0.01053468 1.81637773 0.00000000
0.22011906 0.06428145 0.51307037 0.01358316 1.48156502 1.00000000
0.94123756 0.25468572 0.55590495 0.01813003 1.60286309 1.00000000
0.32372721 0.97888645 0.81977931 0.00201230 6.94739038 0.00000000
0.26297635 0.14568723 0.81115023 0.01032667 2.31309010 0.00000000
0.76133941 0.84076979 0.77501851 0.01796706 1.41654194 1.00000000
0.70296922 0.97748731 0.22634807 0.00489427 3.23991160 1.00000000
0.02826880 0.42478431 0.71669773 0.01319458 0.92988382 0.00000000
0.93229618 0.31593727 0.48089418 0.01207132 1.13937430 0.00000000
0.51622720 0.33720155 0.74076918 0.02509390 1.16412299 1.00000000
0.60467045 0.53179116 0.21891706 0.00944404 1.52430464 1.00000000
0.27363748 0.79488584 0.26169988 0.01160617 1.62346112 1.00000000
0.32617025 0.15535171 0.96986039 0.00423416 2.98943148 1.00000000
0.04121565 0.49879236 0.24186278 0.00779108 3.25019506 0.00000000
0.93742136 0.60628353 0.52813408 0.00583455 2.27257221 1.00000000
0.16546397 0.07576657 0.04200942 0.02623530 1.07494379 1.00000000
0.13493287 0.18408989 0.58200837 0.01021504 1.49909272 1.00000000
0.77086673 0.17620748 0.59608601 0.01729592 1.89212638 1.00000000
0.28022282 0.03221319 0.80137480 0.01735105 1.43850491 0.00000000
0.36023720 0.82366691 0.63173545 0.00605782 2.26180507 0.00000000
0.38586816 0.88590597 0.52016579 0.00727184 2.39946537 0.00000000
0.92192622 0.32942275 0.82993919 0.00795350 1.61012218 0.00000000
0.06499485 0.54950843 0.55570179 0.02747393 1.19553345 1.00000000
0.33775380 0.24158665 0.37595352 0.01064173 1.67450349 0.00000000
0.81063447 0.33713309 0.03845482 0.02763149 1.16418445 1.00000000
0.46132928 0.76897045 0.69927474 0.01327439 1.81878933 0.00000000
0.96188579 0.44744520 0.92019758 0.00256193 8.82725013 1.00000000
0.87251253 0.70341005 0.40564356 0.01833704 0.58036299 0.00000000
0.12984401 0.53553810 0.66536758 0.02045159 1.15006139 1.00000000
0.44221226 0.59956088 0.13460354 0.00785275 1.54196597 0.00000000
0.49268503 0.63462656 0.52512702 0.01391537 1.88193538 0.00000000
0.50907196 0.58643878 0.18238167 0.02983936 1.06415735 1.00000000
0.37944643 0.74007502 0.96830332 0.00764051 1.79672218 0.00000000
0.23833143 0.72428671 0.21714177 0.01586645 1.44502924 1.00000000
0.14165231 0.31024944 0.70604758 0.00226473 5.80847431 1.00000000
0.14629844 0.90420491 0.64977147 0.00916987 1.30254644 0.00000000
0.96102740 0.11140168 0.16894273 0.00267552 6.13842877 0.00000000
0.96979265 0.94266496 0.87427111 0.01468137 1.59172345 1.00000000
0.72335046 0.75474211 0.64152705 0.00337244 3.35592105 0.00000000
0.29434377 0.95519306 0.48054823 0.01582158 1.28411416 1.00000000
0.08691698 0.30157167 0.40402173 0.01331864 1.49186781 1.00000000
0.02337940 0.65115217 0.68501559 0.01828302 0.60036279 0.00000000
0.45329578 0.65805785 0.01990520 0.00479737 2.45851947 0.00000000
0.79469232 0.48689191 0.42053911 0.00761527 2.19813648 0.00000000
0.70846509 0.79030601 0.97087164 0.01906905 1.48544935 1.00000000
0.30667853 0.87043152 0.48478592 0.01808805 1.31869496 1.00000000
0.52982439 0.61364003 0.92871141 0.00051188 29.68507988 0.00000000
0.06824417 0.84483743 0.88583739 0.00420211 2.72788115 0.00000000
0.37082299 0.42203850 0.18444893 0.02110187 1.39032290 1.00000000
0.67713784 0.26587778 0.49082543 0.00901780 1.17640687 0.00000000
0.46805645 0.53520129 0.20037997 0.00899685 2.38671375 1.00000000
0.33755026 0.83813216 0.77271336 0.02355030 0.46032555 0.00000000
0.64527358 0.63960298 0.29253547 0.01251441 1.43599364 1.00000000
0.79962294 0.98336549 0.60558829 0.01079209 1.06262928 0.00000000
0.86889047 0.24330721 0.58997512 0.01362487 1.08527597 0.00000000
0.34101716 0.37096510 0.14710097 0.02328446 0.67226299 0.00000000
0.11973371 0.28681115 0.27466365 0.00983816 1.91219948 0.00000000
0.19808714 0.01379476 0.39656493 0.00835210 1.21239865 0.00000000
0.59870470 0.69340055 0.72222586 0.01451780 2.16670777 0.00000000
0.59829241 0.59778308 0.27108252 0.02162495 0.69154602 0.00000000
0.25857677 0.73960616 0.36846473 0.00381950 4.21563719 0.00000000
0.69255767 0.12571464 0.37455615 0.01811792 0.59902772 0.00000000
0.42278188 0.75306896 0.82018921 0.00379779 3.83717613 0.00000000
0.42684311 0.17375945 0.82557716 0.02627852 1.09502161 1.00000000
0.91987009 0.92472491 0.31277486 0.00634987 4.73852043 1.00000000
0.95410608 0.76438459 0.21518406 0.01611301 0.75538521 0.00000000
0.86683878 0.89967444 0.89754907 0.00676060 2.14502017 0.00000000
0.63210460 0.65078646 0.41208609 0.00913755 1.85764991 0.00000000
0.95796111 0.27975528 0.93140490 0.01128625 1.66052228 1.00000000
0.85904912 0.71646816 0.89356806 0.01291829 2.13945871 0.00000000
0.95019250 0.71575581 0.33753174 0.01411195 0.71267250 0.00000000
0.78118488 0.38828029 0.96683965 0.01358080 1.56134627 1.00000000
0.15024244 0.25804131 0.60127122 0.02129224 1.21918649 1.00000000
0.65236186 0.42555936 0.83058948 0.01799668 0.95312740 0.00000000
0.35916545 0.72471609 0.16801092 0.01793478 1.40421555 0.00000000
0.98190612 0.33247962 0.94015873 0.00625386 2.51137744 0.00000000
0.27621866 0.70804484 0.74720142 0.01074270 1.54996988 0.00000000
0.10127610 0.84851162 0.65577369 0.01199390 1.46640742 1.00000000
0.49488313 0.11091193 0.83360161 0.02919125 1.12501201 1.00000000
0.48113895 0.45044589 0.69918736 0.00178311 7.09103393 0.00000000
0.35528347 0.17619793 0.54046079 0.02340336 1.45885495 1.00000000
0.22509982 0.81541143 0.35243616 0.00700499 3.17326710 1.00000000
0.76542009 0.57578325 0.19629517 0.01305021 1.07685379 0.00000000
0.55249422 0.60616687 0.51064410 0.00956931 1.54073902 0.00000000
0.51834613 0.82539486 0.16762361 0.00235672 9.30673836 0.00000000
0.10027549 0.70389302 0.63237020 0.00968580 1.45540553 1.00000000
0.15172883 0.45604417 0.45496250 0.01985868 0.72843086 0.00000000
0.10878086 0.45507003 0.60322519 0.01592502 1.22465242 0.00000000
0.33971007 0.92286443 0.96007811 0.02450626 0.64050918 0.00000000
0.02667531 0.62792722 0.79268777 0.00233149 4.94087108 1.00000000
0.60755139 0.74011886 0.20180312 0.01798589 0.62879569 0.00000000
0.70129729 0.57464814 0.08476816 0.00850708 1.55059222 0.00000000
0.76703785 0.61402023 0.84875776 0.00819583 1.69595435 0.00000000
0.43003136 0.55079988 0.96891105 0.00460449 6.18429975 1.00000000
0.62921804 0.77859878 0.34030082 0.02286375 0.47693000 0.00000000
0.76072084 0.01760740 0.84586937 0.00969006 1.19515559 0.00000000
0.92247682 0.72904221 0.68446833 0.00883255 1.28573499 0.00000000
0.53922967 0.56649384 0.74765176 0.01992008 1.05936446 0.00000000
0.25764098 0.50232922 0.39411953 0.02923760 0.36109171 0.00000000
0.41796690 0.31806951 0.47340911 0.01645467 1.54837024 1.00000000
0.34696632 0.92427777 0.30237500 0.02117572 0.81849665 0.00000000
0.14997993 0.27773915 0.10898769 0.00865887 1.60895609 1.00000000
0.21172811 0.07468772 0.45311541 0.01932265 0.63013769 0.00000000
0.82509693 0.24221523 0.48084818 0.01085125 1.44070242 0.00000000
0.69550284 0.90379044 0.80473808 0.01916756 0.70843185 0.00000000
0.97309443 0.92147177 0.65945374 0.02064009 1.11395076 1.00000000
0.47357965 0.87907137 0.93121235 0.00916840 2.98641895 1.00000000
0.62880023 0.07257293 0.48951199 0.01238372 0.83695454 0.00000000
0.11502859 0.68451569 0.69919834 0.00492461 3.87636357 0.00000000
0.49068607 0.88744954 0.31543333 0.01801550 1.21150475 0.00000000
0.30690131 0.53300138 0.78119201 0.01165860 1.48522882 1.00000000
0.42904190 0.92118045 0.84937585 0.00708152 2.22621412 1.00000000
0.41922152 0.77408156 0.55624122 0.00586549 3.85671786 0.00000000
0.15707504 0.88620757 0.81538928 0.00682142 1.59053646 0.00000000
0.02892445 0.44292798 0.45835270 0.01471364 1.41104891 1.00000000
0.81159383 0.72756829 0.52951087 0.01119180 0.96578101 0.00000000
0.31420415 0.81463910 0.35623928 0.03150264 0.38644102 0.00000000
0.25651491 0.63673341 0.19609948 0.01639966 0.90749046 0.00000000
0.08338710 0.81049340 0.44442258 0.01084550 2.14140162 1.00000000
0.36361962 0.82623196 0.30424709 0.02950107 0.44211688 0.00000000
0.80132550 0.69388860 0.94890842 0.01943816 0.53693078 0.00000000
0.94608090 0.03680806 0.86091045 0.02419794 1.43937564 1.00000000
0.92474044 0.91887405 0.19019807 0.01150807 1.39469866 1.00000000
0.44547594 0.72749485 0.74405086 0.01339160 1.68711933 0.00000000
0.42550662 0.61115242 0.45836731 0.00379065 5.31315330 1.00000000
0.72655259 0.48840150 0.46090158 0.00817768 2.01080907 0.00000000
0.44370872 0.36703874 0.89951548 0.01449665 1.37171523 0.00000000
0.70837210 0.89457451 0.87152829 0.01894522 0.65679511 0.00000000
0.58445639 0.83878456 0.62372060 0.02453512 0.98886532 0.00000000
0.39265887 0.10525479 0.02162371 0.00807419 1.91571068 1.00000000
0.24630882 0.21192013 0.61188709 0.01850375 1.16987542 1.00000000
0.31507456 0.06821383 0.01749802 0.01137473 1.40050471 1.00000000
0.36238529 0.31316594 0.21947155 0.01031471 2.26360688 0.00000000
0.78354520 0.10011551 0.63016850 0.01592976 1.19707247 1.00000000
0.03203999 0.89646158 0.38593465 0.01785342 0.66710046 0.00000000
0.71518738 0.38024582 0.69552772 0.01905696 1.51960359 0.00000000
0.66595472 0.41429888 0.68882442 0.01222468 1.67135762 1.00000000
0.13529955 0.10128770 0.82080710 0.02018981 0.73242657 0.00000000
0.40071341 0.82138738 0.66077335 0.00969720 1.53365243 0.00000000
0.13595388 0.67330467 0.47560346 0.01360231 1.14329141 0.00000000
0.06657057 0.34294147 0.81341946 0.00694492 2.61073581 1.00000000
0.46272256 0.84241530 0.68616459 0.02268793 0.53388946 0.00000000
0.17328084 0.04693901 0.28708825 0.01438062 1.94018907 1.00000000
0.95389845 0.95863367 0.20446895 0.01302945 2.04005871 0.00000000
0.36324800 0.76160874 0.37748315 0.01170524 1.29763697 0.00000000
0.55110983 0.44541725 0.17835286 0.00992025 2.42291265 0.00000000
0.93946987 0.37443312 0.58662147 0.02251341 1.05967905 0.00000000
0.51896823 0.54279315 0.93897515 0.02109844 0.89164395 0.00000000
0.58436184 0.43504331 0.73103988 0.01466792 1.39496444 1.00000000
0.05810154 0.20902050 0.03888898 0.00466800 5.40269282 1.00000000
0.51273281 0.71611924 0.24390695 0.01169063 1.67982650 1.00000000
0.08281388 0.05721909 0.31669440 0.02110268 1.51152370 1.00000000
0.39293445 0.50475101 0.21320956 0.00642693 2.94119146 1.00000000
0.83895682 0.18551275 0.03681888 0.02196224 1.15052748 1.00000000
0.72299848 0.22792183 0.86811780 0.00445297 6.97227999 0.00000000
0.69771559 0.08151965 0.53429697 0.00274213 4.83597702 0.00000000
0.45477133 0.62324750 0.75085812 0.02740271 1.07357508 1.00000000
0.48445384 0.16904105 0.92749511 0.00834055 1.90640517 0.00000000
0.20327089 0.39565979 0.52573079 0.00196821 9.14732627 1.00000000
0.13254462 0.33318365 0.78196023 0.01613454 0.84262211 0.00000000
0.73271294 0.26887536 0.97765282 0.01247049 1.33293939 1.00000000
0.62205253 0.30125286 0.36514154 0.01379066 1.76900347 0.00000000
0.17646574 0.15907959 0.31305907 0.01166164 1.85747428 1.00000000
0.09434013 0.85143353 0.60528661 0.00494234 3.68936087 0.00000000
0.68437893 0.81061378 0.49928943 0.01031899 1.98740620 1.00000000
0.48556625 0.11033305 0.42960199 0.00504278 5.71774388 1.00000000
0.39853655 0.09662370 0.44728133 0.01387748 2.24752414 1.00000000
0.60548019 0.91182388 0.11819299 0.01354069 1.29415460 0.00000000
0.68635197 0.95428562 0.86571065 0.01897495 0.94955789 0.00000000
0.64458714 0.47277896 0.61810964 0.02688073 0.40692513 0.00000000
0.02589498 0.32025225 0.80719271 0.00831984 1.96295296 0.00000000
0.94897689 0.18004066 0.20604457 0.00330927 3.91683990 0.00000000
0.18179235 0.12292149 0.94152383 0.01591387 0.94065371 0.00000000
0.25206465 0.31475065 0.37667584 0.01011731 1.04160151 0.00000000
0.15101398 0.44065184 0.52076003 0.02257336 0.61047337 0.00000000
0.28060869 0.92232330 0.02317802 0.00433680 2.62004634 0.00000000
0.30486575 0.49763975 0.45685245 0.01322895 1.28367568 1.00000000
0.80575346 0.93436454 0.13202380 0.02573451 1.13401049 1.00000000
0.54816936 0.18352717 0.50423455 0.01722074 1.68005423 1.00000000
0.80804898 0.26557526 0.52614771 0.00907151 2.39957906 1.00000000
0.79369076 0.81895479 0.94260470 0.01068235 1.39149144 0.00000000
0.49613665 0.70778461 0.72240877 0.01671302 1.13837664 0.00000000
0.85216362 0.12721802 0.79405719 0.02242073 1.31377145 1.00000000
0.43285553 0.15975504 0.46527249 0.02276089 0.48653877 0.00000000
0.65311391 0.58974527 0.70803774 0.01645341 1.28875431 1.00000000
0.92779431 0.78659117 0.35652272 0.02177127 0.61212909 0.00000000
0.82599452 0.75562167 0.48046429 0.01423343 1.67665147 1.00000000
0.91232118 0.55253200 0.12702251 0.02666216 1.15875639 1.00000000
0.84378898 0.69782710 0.70902309 0.01965943 0.98521980 0.00000000
0.37401729 0.49880106 0.05759805 0.00609766 2.01391266 1.00000000
0.12469537 0.16978970 0.66900192 0.01777149 1.55602630 1.00000000
0.45861954 0.48059064 0.22015873 0.00960261 2.51245822 0.00000000
0.77926552 0.21642326 0.41401952 0.01117022 1.98957302 1.00000000
0.33122742 0.44907911 0.40407140 0.02343357 1.08638439 0.00000000
0.38223576 0.16546791 0.67574705 0.01646556 0.81364308 0.00000000
0.34892380 0.13269182 0.66941709 0.01361327 1.26158571 1.00000000
0.18542936 0.35576541 0.47449389 0.02019258 0.63053818 0.00000000
0.38747274 0.48618141 0.35431492 0.02367477 0.85812224 0.00000000
0.47580651 0.52064956 0.51595529 0.01627194 0.66500760 0.00000000
0.38059245 0.61223581 0.11943830 0.03079807 1.05373028 1.00000000
0.32124955 0.73712665 0.79753366 0.02145067 1.39912193 1.00000000
0.62030862 0.04055258 0.15283648 0.00802264 1.84751127 0.00000000
0.87986907 0.97348042 0.37442857 0.00590678 3.11446098 1.00000000
0.07709530 0.71990242 0.71051807 0.01064431 1.92556673 1.00000000
0.02186571 0.04543894 0.91962999 0.01299813 1.27866830 0.00000000
0.04076782 0.13020257 0.12535755 0.02658927 1.22355609 1.00000000
0.96324081 0.96134573 0.53309348 0.01108372 1.44574289 0.00000000
0.90007425 0.70710679 0.02086735 0.00456851 3.76659003 1.00000000
0.94129681 0.09607298 0.59863774 0.00473688 2.12403900 0.00000000
0.27926551 0.12011877 0.43799811 0.00695929 1.44604645 0.00000000
0.44342203 0.67024877 0.69162284 0.02958856 0.45910341 0.00000000
0.37688311 0.04765591 0.88233859 0.01896617 1.42589203 1.00000000
0.96365040 0.50694260 0.12924335 0.01861024 1.41063266 1.00000000
0.08310147 0.34794826 0.58260259 0.02836060 0.60977017 0.00000000
0.91102549 0.38200439 0.14294163 0.00611976 2.65747369 0.00000000
0.02041845 0.77604555 0.89225350 0.01236073 1.15619008 0.00000000
0.28966773 0.27474648 0.72141139 0.02831172 1.10319441 1.00000000
0.30210754 0.96013795 0.14668380 0.01956278 1.08439374 0.00000000
0.55131269 0.21423130 0.54878181 0.00639988 2.31938846 1.00000000
0.32083724 0.37787807 0.65041456 0.00412063 3.22985221 0.00000000
0.12577003 0.60124336 0.15387534 0.01430095 1.30048564 0.00000000
0.97420081 0.13884168 0.81638473 0.01303234 1.33444939 0.00000000
0.86060287 0.41448895 0.73184208 0.01430845 1.15974765 0.00000000
0.68754375 0.06319362 0.11276530 0.01116765 1.81493915 1.00000000
0.26454441 0.09669366 0.77497153 0.02258584 1.21359137 1.00000000
0.37945346 0.67735416 0.63022211 0.02506018 0.76877408 0.00000000
0.82943538 0.94301234 0.64516495 0.02345718 0.48351540 0.00000000
0.40655297 0.24152317 0.86572882 0.00975251 1.31428636 0.00000000
0.08294091 0.77589358 0.35386517 0.02218290 0.77156317 0.00000000
0.89743745 0.45059817 0.39490131 0.00402404 6.58115321 0.00000000
0.89355866 0.68095883 0.45481291 0.02479129 0.61722666 0.00000000
0.03801803 0.37661396 0.08722013 0.01805702 1.30566271 1.00000000
0.33249248 0.21383426 0.93222485 0.02183029 1.11835323 1.00000000
0.14902484 0.64488858 0.68431144 0.01263840 0.91978338 0.00000000
0.83530771 0.09623210 0.97864008 0.00366164 3.98801001 0.00000000
0.11718576 0.47280794 0.95547828 0.02165247 0.47832644 0.00000000
0.91859680 0.94026385 0.84883131 0.01493974 1.34872362 1.00000000
0.43174326 0.21366418 0.06480690 0.01302607 1.58282711 1.00000000
0.59585866 0.48368771 0.19018664 0.01825741 1.32376913 1.00000000
0.50001917 0.48970011 0.23372839 0.00755383 1.66480397 1.00000000
0.94940665 0.91142246 0.81582328 0.01142105 1.81102739 1.00000000
0.22738652 0.94540629 0.96450294 0.01008873 1.48544904 0.00000000
0.38247697 0.33621953 0.33279895 0.00910412 1.46717468 0.00000000
0.52060524 0.16390757 0.43165894 0.00691993 1.66335735 0.00000000
0.86035440 0.56946599 0.92333587 0.01492053 1.00300028 0.00000000
0.20112367 0.02556100 0.93076316 0.01596765 1.41194405 1.00000000
0.94638333 0.70824475 0.59327791 0.01598868 1.28417469 1.00000000
0.01783811 0.14936461 0.97893901 0.00982650 1.21415369 0.00000000
0.74020625 0.46432990 0.84958618 0.00353628 3.51119928 1.00000000
0.36462409 0.22235953 0.86831793 0.01931737 0.75898429 0.00000000
0.61172216 0.04014403 0.53320553 0.00668101 2.11584495 0.00000000
0.02829755 0.94830297 0.89459682 0.01067673 1.89081404 1.00000000
0.13834929 0.16229082 0.02119020 0.00762972 1.59443701 0.00000000
0.97309161 0.64061124 0.43260890 0.02025735 1.25490768 1.00000000
0.09388620 0.80228034 0.57251138 0.00322275 3.43148652 1.00000000
0.63806694 0.59803873 0.05337693 0.01364076 1.63961403 0.00000000
0.12854647 0.47420582 0.71634313 0.00737815 2.26434120 1.00000000
0.79003811 0.19699361 0.79588456 0.02146875 1.21636597 1.00000000
0.83075478 0.32719112 0.09648689 0.02120722 1.15876687 1.00000000
0.18944452 0.61824072 0.08954393 0.02325001 0.53483454 0.00000000
0.93141105 0.82801968 0.66560507 0.01296038 1.38466907 0.00000000
0.73356722 0.67909902 0.07681784 0.01052735 1.42584802 1.00000000
0.18225832 0.68149323 0.06485164 0.01182783 2.33664757 0.00000000
0.17215789 0.96038127 0.96807177 0.02283861 1.33784080 1.00000000
0.84696422 0.93409427 0.33847948 0.02060679 0.72242067 0.00000000
0.66096778 0.18440355 0.04832770 0.02210279 0.52298851 0.00000000
0.90112855 0.11959139 0.61924213 0.01287908 2.30597483 1.00000000
0.94677967 0.44314362 0.21668380 0.01646440 1.78636874 1.00000000
0.66761916 0.56790932 0.62002068 0.00610835 2.09938341 0.00000000
0.97779012 0.13853758 0.12353212 0.00147119 13.69781347 0.00000000
0.52900815 0.42696262 0.47068874 0.02032360 1.32008377 1.00000000
0.94906591 0.64542509 0.81812530 0.02291351 1.16500751 1.00000000
0.24772597 0.10605489 0.69375756 0.01477853 1.04113536 0.00000000
0.37926921 0.79823818 0.97861497 0.01509190 0.70721736 0.00000000
0.19099300 0.84604042 0.88986877 0.01073076 1.26854863 0.00000000
0.40285263 0.49399498 0.03036429 0.00846138 1.57220888 1.00000000
0.37787691 0.33960554 0.49842883 0.00601453 3.02117308 0.00000000
0.21718814 0.07903676 0.25062067 0.01137102 1.97085152 0.00000000
0.63681889 0.46784601 0.41082151 0.01293365 1.90315161 1.00000000
0.79613815 0.83010699 0.72685583 0.01963429 1.12813339 1.00000000
0.50240731 0.10600818 0.04182499 0.02090935 1.43150794 1.00000000
0.82814353 0.49760005 0.67234937 0.01676250 1.54387999 1.00000000
0.48239595 0.89281528 0.67656120 0.00580638 2.97731892 1.00000000
0.96729704 0.50923742 0.55596886 0.01337686 1.72379825 1.00000000
0.14517195 0.59452923 0.88462151 0.01671856 0.78648375 0.00000000
0.33433767 0.27249073 0.94249555 0.01328809 1.64131060 0.00000000
0.05588155 0.66158175 0.61369496 0.00735851 4.28147238 0.00000000
0.58081929 0.37304217 0.78443152 0.02711237 0.56087502 0.00000000
0.38221450 0.44632155 0.12102656 0.01613908 0.65594820 0.00000000
0.70902489 0.07986956 0.07227863 0.01119463 1.72652642 1.00000000
0.96255282 0.23837679 0.03492615 0.01167832 2.30225679 0.00000000
0.61006110 0.41634332 0.88628917 0.01846741 0.63771438 0.00000000
0.47920478 0.57019098 0.78530291 0.02253290 1.18176108 1.00000000
0.23572948 0.21459222 0.45138302 0.00996122 1.66667172 0.00000000
0.47988008 0.32959457 0.93170699 0.01788576 0.95486626 0.00000000
0.89925144 0.18099500 0.97391865 0.01608737 0.71241018 0.00000000
0.03955284 0.01733684 0.29452145 0.01069879 1.45395851 1.00000000
0.51001440 0.28675200 0.46950465 0.01054570 1.38793353 0.00000000
0.05159006 0.13626290 0.85259743 0.00761673 2.19600675 0.00000000
0.89478124 0.06079050 0.46827269 0.00713509 2.84848948 0.00000000
0.67432267 0.33325927 0.28955733 0.00486393 3.41501182 1.00000000
0.36864650 0.17223701 0.81917072 0.01043270 1.97782403 1.00000000
0.70427911 0.03816206 0.84611821 0.01698120 0.89824898 0.00000000
0.20984598 0.90635831 0.81774888 0.01889258 0.93648836 0.00000000
0.38312669 0.32736293 0.70703355 0.01639989 1.76494425 1.00000000
0.39291279 0.76334793 0.09950945 0.01745556 0.83479750 0.00000000
0.96284095 0.85695069 0.93752440 0.02050516 0.61954197 0.00000000
0.64071308 0.38517041 0.85878660 0.01383222 0.86390995 0.00000000
0.19026039 0.19825173 0.05890673 0.00649359 2.98758317 1.00000000
0.18808181 0.70863858 0.32513753 0.02156208 1.14485710 1.00000000
0.27607288 0.21298987 0.27133531 0.01764891 0.58079575 0.00000000
0.86320280 0.30258237 0.74731586 0.02396894 1.23562248 1.00000000
0.23465041 0.60080008 0.25655577 0.03079800 1.05269159 1.00000000
0.05996277 0.32924860 0.65537182 0.00887238 1.20358927 0.00000000
0.89471204 0.65308725 0.21463709 0.01232934 1.77090165 1.00000000
0.12068213 0.62715698 0.30553592 0.00189081 7.61227341 1.00000000
0.41165894 0.43234076 0.42799354 0.01110972 2.00790203 1.00000000
0.73750541 0.98280901 0.23384883 0.00476997 2.76692897 0.00000000
0.52463739 0.86248873 0.49086147 0.00349073 5.91629227 1.00000000
0.71114788 0.60178160 0.50714531 0.01266807 1.43018748 0.00000000
0.23034614 0.49207923 0.11470273 0.01032987 1.45738600 0.00000000
0.19404190 0.55367608 0.93019592 0.00361706 3.84044585 0.00000000
0.91318646 0.24968602 0.34789895 0.02325278 1.22054678 1.00000000
0.52983377 0.15400955 0.55629497 0.01013282 1.77501755 1.00000000
0.30010693 0.15908239 0.84937661 0.01661550 1.00644839 0.00000000
0.43412846 0.24996983 0.71618011 0.02198861 0.70901946 0.00000000
0.96744470 0.12259124 0.26614351 0.00312699 3.70102564 1.00000000
0.50728184 0.48615834 0.89380762 0.01435399 1.35962594 1.00000000
0.30167419 0.18730455 0.09236865 0.01577436 0.65873518 0.00000000
0.58450143 0.22967027 0.58664378 0.02627620 0.55569902 0.00000000
0.11926010 0.39214439 0.39449109 0.00259494 6.40153266 1.00000000
0.74764706 0.66643067 0.02663847 0.01005478 2.24459645 0.00000000
0.26083995 0.72001462 0.26973200 0.02091054 0.59382939 0.00000000
0.82638125 0.74682390 0.29191655 0.00735495 1.87953352 1.00000000
0.86553981 0.06126407 0.14932276 0.02003137 0.63888346 0.00000000
0.56769740 0.53423886 0.42573210 0.01522316 1.37463157 1.00000000
0.71929975 0.20179938 0.38272165 0.02686162 0.66959923 0.00000000
0.89782623 0.44256543 0.16399096 0.01743494 1.66375339 1.00000000
0.78588569 0.33634694 0.74187015 0.00458505 2.90196126 1.00000000
0.27485760 0.80074145 0.04234426 0.02182718 0.51021126 0.00000000
0.61399225 0.21146523 0.09123296 0.01829943 0.82902036 0.00000000
0.93966937 0.47789777 0.47759728 0.01673152 1.35494672 1.00000000
0.56231198 0.95904897 0.97664107 0.00778006 2.61602802 1.00000000
0.77822747 0.76636040 0.22075234 0.02304844 0.83420394 0.00000000
0.78619470 0.02269820 0.96321273 0.00930120 1.60448957 0.00000000
0.94096791 0.83836887 0.76010555 0.02609867 1.18121933 1.00000000
0.66628598 0.73131626 0.79200415 0.01014872 1.65211973 1.00000000
0.33803587 0.32862290 0.35081242 0.01839678 1.41097337 1.00000000
0.49784011 0.85160731 0.74277948 0.01492236 1.90188075 1.00000000
0.35294023 0.42942871 0.03080127 0.00794760 2.13421008 1.00000000
0.09121199 0.57172963 0.65715878 0.01511353 1.14013736 0.00000000
0.31808799 0.64483968 0.44901961 0.01077703 2.76982812 1.00000000
0.84202140 0.75809465 0.11496047 0.01452146 0.81926400 0.00000000
0.59895308 0.28088736 0.43759734 0.01991916 0.74367472 0.00000000
0.58294715 0.12200554 0.80457935 0.01019805 1.52288761 0.00000000
0.20105808 0.97049099 0.69813734 0.01531938 1.38258222 1.00000000
0.70355473 0.14161622 0.73877146 0.00542527 2.47471715 1.00000000
0.91277136 0.62173179 0.66520289 0.01223935 2.04476177 1.00000000
0.56898785 0.52345137 0.30304947 0.00824727 1.77621791 0.00000000
0.70136065 0.28869244 0.34266873 0.01718117 1.71118176 1.00000000
0.56417450 0.19852309 0.03305538 0.00884701 1.55004904 0.00000000
0.86133911 0.89850826 0.76364728 0.01058367 1.71183229 1.00000000
0.11473322 0.03277298 0.40641329 0.01143601 2.06004487 0.00000000
0.06714375 0.82720952 0.08287609 0.01555640 1.21245165 1.00000000
0.63628813 0.49997218 0.66800596 0.01268767 0.90678541 0.00000000
0.56577266 0.73693883 0.66477020 0.02856734 0.67083796 0.00000000
0.96149165 0.23281931 0.49179928 0.00449693 4.53083026 0.00000000
0.69149552 0.31832246 0.97129813 0.01337229 1.45093804 1.00000000
0.51272362 0.74913065 0.02444643 0.00517528 2.22180994 0.00000000
0.54181937 0.28709209 0.69591996 0.01964009 1.21448408 1.00000000
0.50599606 0.34165830 0.97503701 0.00251821 7.84075988 1.00000000
0.13038571 0.11402468 0.19396571 0.01620665 1.22628730 1.00000000
0.84345521 0.41857347 0.67102331 0.01581134 0.65061754 0.00000000
0.05940101 0.92587053 0.22333622 0.01034407 1.42243729 1.00000000
0.30457584 0.23298889 0.08749418 0.01106111 1.81296903 1.00000000
0.84812083 0.34904673 0.79359525 0.01159990 2.02901578 0.00000000
0.57778734 0.13580338 0.70208460 0.00478184 3.12890288 0.00000000
0.95575471 0.52263443 0.74723097 0.02504554 1.28134912 1.00000000
0.53218587 0.75726140 0.45452214 0.02107309 1.42358665 1.00000000
0.71202013 0.13577656 0.44716916 0.02568367 0.45639718 0.00000000
0.46289092 0.17174526 0.69037658 0.01621123 0.64318558 0.00000000
0.34435544 0.54566538 0.28396193 0.02487402 1.34371316 1.00000000
0.63865231 0.20492242 0.57619300 0.00988022 1.41940862 0.00000000
0.87073829 0.93215181 0.93817644 0.01047970 1.12716675 0.00000000
0.62926930 0.89712692 0.30539232 0.02411619 1.12778792 1.00000000
0.55193296 0.94436729 0.40338125 0.00706124 2.08978367 1.00000000
0.52501855 0.85687848 0.41514560 0.01420197 1.57423113 1.00000000
0.36072108 0.67648324 0.68528949 0.00441101 3.81890715 0.00000000
0.89813833 0.16331532 0.66094773 0.00391072 4.37737515 1.00000000
0.93488676 0.87471242 0.65002166 0.01461934 1.24041563 1.00000000
0.85135730 0.62673440 0.61213903 0.01738658 1.02083060 0.00000000
0.69352768 0.68872087 0.88247213 0.01630485 0.87002273 0.00000000
0.16554879 0.21753972 0.55273710 0.01293331 2.20809507 1.00000000
0.76008086 0.30056203 0.62832315 0.00869751 1.52422413 0.00000000
0.02859781 0.68270413 0.85643833 0.01987443 0.66455942 0.00000000
0.81810466 0.46636198 0.96445370 0.02213661 1.16585147 1.00000000
0.28636612 0.18923229 0.89420356 0.01421015 1.33438998 1.00000000
0.28993548 0.95882838 0.29527284 0.00969070 1.64434201 1.00000000
0.81233108 0.95318025 0.70792564 0.01170127 2.15419325 1.00000000
0.05442118 0.56315814 0.87937436 0.01205676 0.99012854 0.00000000
0.41922764 0.67304168 0.50912497 0.02732257 1.22587433 1.00000000
0.94783742 0.59777815 0.91869560 0.00472604 2.68856605 1.00000000
0.09925866 0.33529056 0.98218672 0.00760245 1.72284456 0.00000000
0.93576029 0.69557199 0.49018567 0.00648103 2.85898783 1.00000000
0.09160175 0.21860837 0.89537921 0.00714239 1.94975988 0.00000000
0.02534256 0.45007826 0.35665980 0.00486756 2.70802780 0.00000000
0.85245702 0.54659564 0.13695001 0.00996900 1.76449710 1.00000000
0.52533955 0.74308774 0.58821724 0.02435082 0.88687240 0.00000000
0.57143466 0.64291921 0.02537345 0.01549660 0.70332795 0.00000000
0.27948941 0.05358608 0.27758911 0.02626978 0.65459079 0.00000000
0.96693776 0.81072269 0.11959278 0.00735690 2.69173862 1.00000000
0.41511614 0.92211434 0.44515821 0.03009325 1.11958878 1.00000000
0.88383340 0.54118740 0.17810376 0.00687537 2.96401285 0.00000000
0.69459313 0.04985606 0.97010409 0.01426175 1.80532808 1.00000000
0.77145172 0.80081638 0.09120023 0.01014198 1.25892710 0.00000000
0.17693994 0.76976190 0.94840420 0.02215777 0.59235745 0.00000000
0.11820094 0.08758769 0.55532124 0.01258421 1.36637160 1.00000000
0.76117051 0.32246881 0.44768049 0.00292016 6.14817192 0.00000000
0.41970056 0.72255680 0.02785781 0.00600342 3.39073838 1.00000000
0.68705878 0.42559365 0.25539407 0.01440788 1.51975729 1.00000000
0.17626337 0.31581295 0.19997733 0.01145723 1.51971094 1.00000000
0.22234052 0.58862018 0.63004372 0.00734126 1.79979367 0.00000000
0.51960810 0.84562542 0.03842053 0.01377487 1.04225857 0.00000000
0.43475250 0.74278375 0.07093516 0.01739163 0.89540166 0.00000000
0.52641253 0.70686942 0.50454779 0.00908512 1.55651292 1.00000000
0.95359312 0.88436531 0.36062407 0.01098369 1.00971645 0.00000000
0.18911767 0.30901378 0.53629966 0.00241521 9.94726494 1.00000000
0.82676716 0.36364989 0.30465085 0.01703812 1.02342859 0.00000000
0.37278438 0.40995137 0.31703985 0.00358807 3.49545849 0.00000000
0.59174300 0.54009516 0.48290492 0.02754273 0.59050059 0.00000000
0.60650723 0.58097919 0.52140635 0.01208904 1.70604341 1.00000000
0.59604939 0.51481166 0.94846371 0.00636668 3.19432667 0.00000000
0.22739629 0.28114800 0.57163579 0.00896628 1.45818145 0.00000000
0.93439959 0.91498171 0.70099880 0.00788276 3.11723365 1.00000000
0.30909750 0.61701966 0.21073490 0.01115316 1.73018692 0.00000000
0.65262932 0.61463596 0.32548943 0.00729381 1.95241468 0.00000000
0.97474988 0.73092257 0.71830167 0.01619887 1.42428136 1.00000000
0.35628558 0.29683309 0.58264869 0.00415744 4.30458015 0.00000000
0.73756187 0.97561633 0.50393139 0.00801637 2.00254858 0.00000000
0.64196506 0.11867625 0.18084761 0.01808912 0.82698182 0.00000000
0.97780380 0.38372881 0.51462763 0.00667220 2.00826848 1.00000000
0.26385035 0.75088362 0.55261467 0.02470728 0.47756075 0.00000000
0.09718101 0.67095197 0.75891465 0.00432683 4.78655788 0.00000000
0.88332881 0.32569193 0.36055196 0.00220949 6.08725037 0.00000000
0.56032145 0.04743394 0.67578766 0.01091613 1.10177255 0.00000000
0.20340734 0.30486699 0.89641127 0.01420684 1.28876100 0.00000000
0.18397298 0.55327122 0.30457855 0.00989331 1.65891585 1.00000000
0.53217816 0.11512019 0.25668751 0.02400580 1.29818231 1.00000000
0.96197517 0.92256648 0.07135241 0.02621488 0.64063733 0.00000000
0.38080733 0.16855651 0.34790545 0.01043719 2.33630524 0.00000000
0.74742862 0.42016381 0.51321917 0.01110966 1.54523041 1.00000000
0.77443392 0.53417988 0.89858118 0.00455867 3.40155594 0.00000000
0.82203924 0.12236714 0.06582514 0.00500611 2.76704870 0.00000000
0.39326819 0.41221023 0.86852343 0.01706428 1.37998584 1.00000000
0.82019222 0.21163000 0.25884477 0.01242297 2.59932443 0.00000000
0.37608194 0.33591098 0.03962873 0.00865691 2.25841895 1.00000000
0.61843719 0.48471531 0.31116087 0.02555418 1.11814120 1.00000000
0.65030260 0.53704727 0.04673629 0.00128665 11.86498114 0.00000000
0.42166805 0.56336943 0.22933388 0.01047087 1.49794110 0.00000000
0.97415503 0.47476293 0.37898705 0.01582891 1.32379287 1.00000000
0.42199887 0.61175003 0.79045645 0.01228289 1.39704683 1.00000000
0.21853905 0.42243900 0.57210872 0.01102920 1.44979270 0.00000000
0.84931839 0.80444984 0.09376890 0.00894490 1.94783296 0.00000000
0.66021130 0.19039888 0.26097420 0.01333247 1.47573550 1.00000000
0.13470915 0.22322364 0.08173701 0.01614133 1.20926215 1.00000000
0.57513080 0.65096347 0.89767022 0.00672792 2.50045466 1.00000000
0.14126549 0.45700695 0.13682364 0.01780636 1.37832631 1.00000000
0.02519281 0.97761439 0.80524148 0.01092474 0.94042351 0.00000000
0.04661677 0.69035303 0.55692898 0.00243175 4.11419637 0.00000000
0.89473513 0.17092596 0.27832424 0.01946901 1.41272336 0.00000000
0.21587241 0.46356440 0.85998221 0.00790025 1.70166089 1.00000000
0.88666214 0.41941165 0.28004983 0.01812080 1.64342267 1.00000000
0.33863720 0.22896578 0.67852790 0.01951666 0.92322155 0.00000000
0.88221604 0.81355312 0.36563705 0.00480307 3.47152977 1.00000000
0.96631376 0.28428355 0.36926142 0.00240050 7.90214533 0.00000000
0.16003416 0.39872258 0.59972239 0.01641940 1.20050151 1.00000000
0.60912446 0.68896701 0.03870941 0.00316663 3.42039637 1.00000000
0.11232821 0.90430817 0.10496777 0.00866306 1.83643278 0.00000000
0.10653266 0.37412159 0.24348043 0.01025387 1.65361447 1.00000000
0.07261060 0.96059886 0.24796702 0.01104923 1.33614504 0.00000000
0.55544368 0.73035725 0.06673710 0.01580943 0.83414352 0.00000000
0.38901369 0.77596231 0.92944830 0.02173645 1.27402875 1.00000000
0.06368567 0.89454411 0.12232517 0.00801526 1.30579627 0.00000000
0.78343603 0.24368002 0.89773204 0.01433082 1.32210050 1.00000000
0.97828716 0.03785881 0.35202907 0.01554076 0.85422010 0.00000000
0.93961115 0.88144287 0.21929265 0.01028258 1.54115573 1.00000000
0.51131433 0.54271017 0.26125749 0.02509975 0.63129655 0.00000000
0.31215242 0.52720371 0.42150311 0.00574310 3.38868716 1.00000000
0.72473302 0.96028997 0.27689651 0.01745789 1.70195675 1.00000000
0.02701461 0.84175734 0.79515618 0.01215038 2.04102361 1.00000000
0.39414391 0.96591459 0.80319659 0.00746011 2.00543208 1.00000000
0.92717921 0.61295642 0.27858787 0.02515391 0.50623696 0.00000000
0.63075401 0.34327981 0.94266495 0.01357278 1.41480635 1.00000000
0.09979169 0.27707358 0.67848488 0.00533634 2.47701909 1.00000000
0.87054524 0.09058339 0.37850873 0.00626837 2.20859844 1.00000000
0.50555030 0.01622921 0.64845430 0.00437233 3.22627385 1.00000000
0.94357789 0.04735599 0.15388898 0.01751443 0.98482801 0.00000000
0.29845041 0.13358568 0.61939577 0.02416865 1.14357819 1.00000000
0.69334190 0.82277224 0.42760599 0.00826815 1.82486596 1.00000000
0.52100003 0.97248821 0.26701944 0.00638177 2.28348864 1.00000000
0.32359073 0.37644426 0.88087122 0.00934168 2.68815071 0.00000000
0.76130517 0.96839588 0.64039423 0.01070478 2.36355397 1.00000000
0.58209667 0.13146540 0.75337003 0.01925605 1.06077212 0.00000000
0.89793429 0.68795313 0.79699228 0.02627880 1.10962805 1.00000000
0.66926706 0.46760236 0.88358926 0.01119923 2.11016517 0.00000000
0.19272478 0.69864705 0.18894286 0.00517093 3.21532927 0.00000000
0.28871716 0.60380402 0.37864792 0.01389323 1.35211579 0.00000000
0.15871388 0.20183425 0.97366508 0.00868199 2.76409954 0.00000000
0.07065202 0.81223289 0.12888271 0.01366652 1.24135960 0.00000000
0.83992767 0.50950128 0.21606523 0.00605311 1.91635114 0.00000000
0.25771253 0.81232702 0.46912356 0.00036630 30.92286504 1.00000000
0.59237132 0.11590892 0.23972029 0.01499255 1.25104262 0.00000000
0.27561687 0.37663734 0.21575517 0.01292533 1.48256136 1.00000000
0.85988912 0.93058179 0.59953126 0.00713130 3.13215018 1.00000000
0.39444018 0.03162608 0.08445719 0.00677944 3.18924575 1.00000000
0.29381021 0.51749053 0.74920648 0.00872474 1.27918598 0.00000000
0.76767812 0.49505925 0.24744593 0.01822700 1.42647554 1.00000000
0.39266182 0.65796045 0.33512437 0.00715874 1.62194749 0.00000000
0.34847557 0.09982424 0.70894944 0.02036830 1.13107912 1.00000000
0.47581394 0.35229103 0.29688196 0.01765388 1.50894427 1.00000000
0.16567351 0.05829879 0.14506867 0.01672320 0.62089218 0.00000000
0.09083147 0.88984987 0.25467518 0.02739330 0.39315326 0.00000000
0.62009559 0.84594655 0.79100192 0.00107721 13.54324301 0.00000000
0.42420579 0.82775943 0.86048656 0.01192560 0.88750116 0.00000000
0.77360481 0.53156133 0.63953043 0.01281821 1.56776067 1.00000000
0.09223166 0.97120940 0.89267419 0.00657940 2.61362229 1.00000000
0.41598892 0.55795867 0.18104897 0.02096546 0.60914274 0.00000000
0.09288919 0.73570587 0.38540932 0.00397085 3.39682980 0.00000000
0.67197835 0.11546290 0.89438701 0.00343860 3.03736607 0.00000000
0.86578223 0.59967350 0.10476102 0.01816519 1.21822304 1.00000000
0.96340486 0.76509714 0.90575969 0.00543466 4.77750644 1.00000000
0.40723753 0.47212619 0.17592133 0.01243891 1.16181637 0.00000000
0.57101245 0.51933060 0.91126358 0.00752837 1.74332971 1.00000000
0.20845120 0.45067943 0.62737191 0.01187689 1.17677843 0.00000000
0.38682970 0.88332865 0.23374250 0.01747665 1.31326702 1.00000000
0.86892723 0.02098388 0.08874722 0.01275758 1.46543401 1.00000000
0.22324956 0.32913327 0.81504012 0.00573672 3.28654496 0.00000000
0.34313743 0.89264559 0.13289685 0.00856673 2.08682514 1.00000000
0.02475669 0.24290637 0.82059642 0.00824615 2.13405071 1.00000000
0.70538446 0.18948386 0.02009823 0.00559365 2.11754404 1.00000000
0.24748520 0.34980651 0.60342057 0.01091170 1.37338111 1.00000000
0.49329118 0.01507783 0.25599901 0.00266848 3.95874795 1.00000000
0.32547924 0.05354548 0.49095983 0.02131899 1.48033580 1.00000000
0.72878583 0.40358573 0.18378057 0.02198826 1.27023263 1.00000000
0.83708203 0.97931760 0.28389367 0.01604028 1.18748828 1.00000000
0.47697772 0.51719965 0.33637470 0.02049868 0.85952911 0.00000000
0.19347808 0.96743824 0.80969025 0.02475161 0.70381451 0.00000000
0.90805241 0.30432639 0.38957027 0.00664250 1.82559583 0.00000000
0.60981126 0.66149840 0.57465495 0.01904212 1.13705377 1.00000000
0.33325897 0.60310303 0.04446276 0.01691871 1.18786738 1.00000000
0.41322043 0.84589793 0.82069015 0.00159980 8.08311510 0.00000000
0.24553987 0.84944214 0.75466291 0.00957669 1.92654760 1.00000000
0.14022913 0.69379760 0.88124069 0.03230841 0.37108693 0.00000000
0.72674076 0.55601631 0.19350621 0.00377737 3.08193111 1.00000000
0.19362282 0.72401630 0.41486948 0.01915546 1.17745155 1.00000000
0.88636664 0.17752228 0.43136007 0.02852248 0.41266582 0.00000000
0.93801773 0.28993126 0.33295746 0.00789217 1.36785966 0.00000000
0.82703626 0.25057442 0.09526504 0.02063245 1.24887708 1.00000000
0.47289017 0.03533367 0.08875259 0.00760854 2.57784568 1.00000000
0.74333592 0.45644069 0.73862536 0.00929746 1.62292953 0.00000000
0.66585879 0.03923233 0.79221769 0.01427209 0.76993210 0.00000000
0.63091406 0.24420526 0.30963354 0.00769801 2.59054376 0.00000000
0.12357427 0.62344336 0.78122469 0.00749902 3.60069326 1.00000000
0.04765358 0.76679659 0.62745370 0.01996844 1.15944033 1.00000000
0.64028700 0.94347958 0.51840612 0.00512635 3.32016450 0.00000000
0.69597805 0.69972695 0.96939455 0.00464862 2.45150935 0.00000000
0.22265431 0.54594331 0.60504184 0.02307319 0.75100091 0.00000000
0.44079982 0.25457439 0.52973559 0.01004649 1.97499287 1.00000000
0.22141981 0.57906064 0.38113717 0.01651083 1.10653031 0.00000000
0.65085132 0.59046059 0.24947435 0.02260976 0.51730900 0.00000000
0.92857617 0.76924337 0.43894309 0.00854502 1.66327703 1.00000000
0.94955060 0.27833598 0.49150543 0.01180859 1.42207014 1.00000000
0.71698707 0.05451589 0.42220101 0.01249335 0.86204298 0.00000000
0.53856370 0.25153238 0.18384311 0.02753606 1.19704375 1.00000000
0.64687118 0.57093226 0.85461901 0.00114686 11.61975956 1.00000000
0.81458990 0.03965925 0.11288830 0.00402574 4.01115808 1.00000000
0.19975043 0.11985237 0.28767133 0.00757531 3.09298490 0.00000000
0.49898758 0.77807504 0.87758466 0.01804632 0.60939120 0.00000000
0.35790618 0.14636288 0.92562961 0.02161911 1.40365584 1.00000000
0.27667430 0.17020177 0.42149239 0.01250938 1.04423602 0.00000000
0.16658411 0.78912053 0.01635911 0.00938586 1.59666197 1.00000000
0.83276305 0.88143164 0.58234130 0.00454308 2.46834273 1.00000000
0.40710449 0.90946886 0.12097217 0.02067881 0.76929190 0.00000000
0.11701685 0.48678420 0.54805790 0.01571318 1.21684325 1.00000000
0.07889337 0.69538991 0.25144655 0.01254554 1.62594350 1.00000000
0.65657109 0.92428586 0.02650753 0.01240414 1.06595800 0.00000000
0.12430545 0.72920526 0.95862219 0.02161828 0.72674317 0.00000000
0.11608724 0.13490715 0.95261705 0.02089850 1.13339086 1.00000000
0.04491796 0.81370499 0.88484163 0.00948108 2.25995634 1.00000000
0.62840499 0.71801568 0.61721711 0.01085330 1.64365905 0.00000000
0.80765112 0.32729193 0.93871699 0.01750422 0.83628965 0.00000000
0.62609648 0.82703507 0.31284556 0.00721165 3.09267792 1.00000000
0.75394890 0.31714494 0.51604257 0.00935736 1.47851767 1.00000000
0.89219341 0.49481353 0.34768686 0.02766929 1.11345925 1.00000000
0.70592878 0.76732924 0.19279842 0.02132707 0.54929872 0.00000000
0.29466259 0.63686802 0.31443377 0.02447455 1.21475230 1.00000000
0.44369155 0.04524302 0.13200371 0.00599865 2.08010628 0.00000000
0.47173326 0.49582426 0.72645555 0.02822387 0.42351502 0.00000000
0.29180688 0.34906327 0.32063725 0.00575330 4.46516815 1.00000000
0.74611832 0.36162316 0.02535238 0.01493566 1.24089893 1.00000000
0.61713553 0.68535155 0.34263011 0.01308175 1.80520713 1.00000000
0.04072319 0.42263099 0.12852270 0.00207824 5.14333717 1.00000000
0.39079000 0.80699807 0.52148431 0.01388471 1.26217306 1.00000000
0.06244641 0.60949225 0.21096340 0.00178035 7.90609632 0.00000000
0.04074942 0.84611279 0.34971295 0.01327033 1.68479349 1.00000000
0.95847386 0.75880773 0.40154813 0.00846556 2.44333226 0.00000000
0.76087355 0.74684477 0.85115052 0.00559434 2.62924066 1.00000000
0.08898759 0.23282984 0.75165174 0.00815520 1.71317356 0.00000000
0.73917216 0.95625192 0.81861675 0.01816849 1.31428856 1.00000000
0.16699570 0.87745996 0.10885404 0.01562594 1.27223805 1.00000000
0.85780327 0.76090682 0.18004207 0.02115662 0.50517170 0.00000000
0.53571224 0.25744161 0.03743333 0.02327419 0.94454194 0.00000000
0.94624227 0.27857944 0.84486452 0.00901976 1.54031360 1.00000000
0.63051093 0.52589185 0.59323074 0.00361941 3.32746902 0.00000000
0.52876535 0.65323175 0.88824074 0.00364408 4.15121254 0.00000000
0.16060674 0.35744096 0.95685229 0.00370970 3.56547358 1.00000000
0.35445714 0.90722462 0.88194371 0.01938157 1.04686783 0.00000000
0.02736242 0.29822968 0.30366875 0.01086997 2.09245420 1.00000000
0.76287122 0.11061635 0.31211020 0.00655686 2.04273209 1.00000000
0.55612393 0.97169345 0.69141772 0.00141745 8.90305593 1.00000000
0.96148942 0.03760210 0.41948624 0.02506309 0.75762003 0.00000000
0.18307598 0.77336729 0.46540519 0.00466761 3.09835379 0.00000000
0.97444290 0.21968584 0.39664445 0.01733895 0.73153210 0.00000000
0.63534640 0.24995960 0.63302594 0.02398427 0.65750794 0.00000000
0.36729372 0.39156865 0.96936672 0.00646404 3.77248457 0.00000000
0.54747155 0.18346343 0.91812398 0.02910210 1.08369862 1.00000000
0.78556117 0.29387433 0.03123395 0.00546034 2.15628608 0.00000000
0.27279905 0.28979505 0.43974148 0.01245089 1.59441129 0.00000000
0.74252593 0.08454844 0.44964895 0.01019038 1.03020951 0.00000000
0.03023308 0.95242539 0.74099010 0.00710187 2.28248614 1.00000000
0.24446937 0.71320838 0.94190309 0.00918776 1.45958227 0.00000000
0.12207658 0.10284903 0.60017384 0.01994766 1.22680641 1.00000000
0.35544175 0.51426863 0.78709489 0.01790578 1.22001853 1.00000000
0.85944738 0.46228060 0.81195047 0.00434984 4.66424331 0.00000000
0.95158074 0.41749568 0.53149596 0.01528179 0.67269648 0.00000000
0.77677757 0.29332029 0.85537505 0.02325551 0.44994801 0.00000000
0.35348187 0.75971809 0.03489386 0.00814026 3.98316079 0.00000000
0.84568881 0.46745720 0.30462249 0.01699320 0.83868574 0.00000000
0.32344429 0.64854682 0.59796231 0.00355913 3.76355658 0.00000000
0.69758294 0.28138886 0.14314663 0.01465902 1.16250584 0.00000000
0.93650291 0.52827017 0.51790154 0.00672373 1.83078511 1.00000000
0.38219559 0.69964249 0.56624566 0.00455454 3.20478764 1.00000000
0.36968254 0.39459261 0.42463877 0.02107909 1.34389492 1.00000000
0.07317807 0.07579487 0.79146018 0.00976209 1.18637695 0.00000000
0.48123094 0.78975286 0.22477926 0.01266449 1.56007120 1.00000000
0.85506062 0.05047241 0.02459047 0.00925358 1.94448526 1.00000000
0.06892831 0.24319266 0.83613614 0.00197257 7.78363179 1.00000000
0.03428616 0.94514697 0.06476293 0.01193437 1.07753849 0.00000000
0.02897051 0.75892506 0.20129463 0.01762090 0.64747595 0.00000000
0.48278076 0.94924383 0.63678375 0.01354881 1.31648640 1.00000000
0.58823482 0.74558758 0.43855853 0.02070075 1.17468837 1.00000000
0.62434515 0.40535096 0.34033710 0.02524529 1.17183336 1.00000000
0.75176408 0.37688279 0.06475512 0.01390336 0.89059546 0.00000000
0.28952432 0.29221058 0.35845043 0.02079050 1.13501196 1.00000000
0.68659731 0.74954237 0.89038527 0.00627151 2.02707562 1.00000000
0.29023648 0.15689809 0.02707889 0.00323333 5.39553271 0.00000000
0.65096848 0.46489625 0.03311485 0.02471439 1.16999729 1.00000000
0.33739213 0.53416977 0.94275245 0.00845638 1.18904242 0.00000000
0.02640682 0.36027312 0.52079125 0.00972014 1.35599448 0.00000000
0.93440973 0.74908542 0.63192262 0.01082963 1.67414549 0.00000000
0.23595787 0.11596998 0.04976788 0.01291967 2.49078238 0.00000000
0.14942105 0.73508913 0.02069496 0.00545732 2.34449899 1.00000000
0.40596893 0.03993285 0.18394753 0.02671233 1.22981710 1.00000000
0.69041704 0.91028368 0.47936932 0.01500518 1.35779166 1.00000000
0.59463692 0.32325066 0.86880503 0.01213844 0.85066093 0.00000000
0.08098388 0.63641916 0.73944666 0.00966288 1.10672587 0.00000000
0.27500155 0.37795912 0.86528629 0.01204068 1.04519747 0.00000000
0.31869557 0.33872491 0.46258761 0.01743834 1.31660040 1.00000000
0.75418656 0.59117752 0.12445143 0.00393764 3.02387945 1.00000000
0.31758522 0.76674459 0.64691741 0.01951949 0.52778428 0.00000000
0.88806529 0.46552193 0.96609287 0.00549734 2.60760724 0.00000000
0.40815317 0.38647169 0.58649486 0.00683237 2.25665062 0.00000000
0.70652487 0.13072893 0.29023931 0.01122168 1.41854007 1.00000000
0.17449745 0.12993328 0.85536578 0.01473656 1.31340733 1.00000000
0.89696185 0.87279335 0.11115985 0.00362070 4.66259077 1.00000000
0.46087160 0.03854848 0.54303707 0.00998450 1.27416637 0.00000000
0.49069676 0.47876072 0.48779500 0.00566165 2.16315621 1.00000000
0.96580817 0.59253147 0.66201149 0.01807601 0.56762793 0.00000000
0.32021272 0.48722078 0.97605658 0.00419302 5.06016799 1.00000000
0.65166780 0.42673140 0.73808748 0.01317160 1.66311352 0.00000000
0.52783539 0.55561426 0.55811733 0.00722568 1.54986053 0.00000000
0.22973824 0.66544524 0.96775963 0.01205153 1.31085168 1.00000000
0.74849475 0.82023570 0.22466003 0.01021076 1.31405400 0.00000000
0.52272941 0.15823617 0.61113233 0.00990630 1.94839846 1.00000000
0.44113280 0.77354533 0.13940162 0.00793008 1.48166064 0.00000000
0.30869242 0.01993340 0.18268232 0.00695731 2.79382691 1.00000000
0.80150897 0.98268637 0.51300139 0.01043162 0.99107512 0.00000000
0.19088820 0.91646357 0.70367987 0.00984151 1.61297332 0.00000000
0.57383467 0.97760531 0.87150552 0.01542111 1.39723151 1.00000000
0.97046458 0.16670859 0.61142890 0.01013596 1.78554382 0.00000000
0.94444597 0.22347545 0.98186986 0.00928103 1.23901024 0.00000000
0.89309186 0.38488934 0.79660319 0.01079991 2.10781561 0.00000000
0.84447919 0.71527436 0.66625288 0.00677502 1.83860462 1.00000000
0.58273931 0.86860480 0.83948724 0.03078268 1.05699492 1.00000000
0.55634854 0.26160117 0.09435864 0.00395505 3.27915153 1.00000000
0.58270944 0.77720471 0.36765212 0.01507127 1.21882394 1.00000000
0.90194020 0.14123510 0.11058498 0.00939592 1.81392676 1.00000000
0.29892115 0.38527779 0.36400068 0.01413020 1.33528915 1.00000000
0.77072855 0.72828700 0.02910225 0.00960643 1.62544714 1.00000000
0.40720601 0.34896070 0.85618569 0.00652037 4.35289229 1.00000000
0.54262612 0.73181720 0.12939088 0.00570019 2.29389682 0.00000000
0.27534369 0.68876535 0.97118206 0.02342057 0.43139032 0.00000000
0.18076707 0.42619383 0.13484051 0.00785407 1.37263553 0.00000000
0.93450340 0.71583821 0.38174161 0.01468379 1.32491704 0.00000000
0.73531621 0.64148125 0.77982564 0.01654655 1.17052952 1.00000000
0.18792898 0.35518597 0.57180794 0.01641555 1.40308130 1.00000000
0.75797685 0.48669052 0.34166548 0.01544776 0.84687353 0.00000000
0.39505549 0.54733590 0.04177760 0.00043693 62.72191818 0.00000000
0.11049151 0.39049625 0.03155020 0.00436019 5.47348946 0.00000000
0.51682596 0.80499826 0.01597431 0.00164299 8.16921576 0.00000000
0.25973057 0.73239905 0.49719154 0.00993381 1.56100564 1.00000000
0.46284774 0.55061692 0.62982181 0.00878065 1.26141530 0.00000000
0.89417675 0.25107427 0.66433262 0.00664658 3.09784474 0.00000000
0.58841861 0.03048342 0.46440957 0.01255843 1.60510557 0.00000000
0.02349901 0.65248891 0.39244140 0.00731451 2.41088026 1.00000000
0.47854612 0.34882635 0.81100065 0.00988836 2.33533350 1.00000000
0.75191351 0.27350697 0.14180396 0.01682399 1.50314408 1.00000000
0.36300509 0.44298759 0.53414297 0.01159523 1.44161193 0.00000000
0.58372841 0.31647838 0.29430005 0.00542733 2.53383908 0.00000000
0.81159997 0.21513309 0.95031641 0.02484866 1.12405907 1.00000000
0.46428581 0.34379083 0.35138732 0.01155857 1.61929438 0.00000000
0.66540639 0.96522684 0.72698040 0.02126695 1.52750680 1.00000000
0.83459969 0.25993047 0.74376668 0.00703599 2.29023095 1.00000000
0.09070360 0.41839476 0.36724291 0.01204605 1.13840938 0.00000000
0.94286039 0.50890153 0.26975854 0.01326032 0.91062735 0.00000000
0.06867567 0.54680189 0.27248205 0.01079189 0.98298842 0.00000000
0.88754867 0.54686639 0.24857521 0.01306463 1.67922790 0.00000000
0.72694689 0.17871219 0.74510859 0.02045816 0.62969952 0.00000000
0.96635871 0.66934653 0.54795093 0.02040012 0.52167958 0.00000000
0.55454548 0.12064829 0.87090086 0.00711259 3.16014523 1.00000000
0.84003035 0.04600068 0.41666536 0.00703091 2.50335051 0.00000000
0.36840099 0.02364074 0.68524164 0.01141681 1.50116865 0.00000000
0.21534880 0.98007126 0.03564394 0.01296051 1.28749905 1.00000000
0.87827060 0.13727172 0.33297914 0.02072412 0.68227554 0.00000000
0.03438486 0.96022946 0.67162570 0.01755450 0.77195336 0.00000000
0.14146362 0.92060779 0.38517022 0.01449343 1.79085864 1.00000000
0.09369862 0.05189704 0.04111399 0.01813450 0.95933790 0.00000000
0.82946084 0.83919617 0.03000927 0.01683934 1.52490272 1.00000000
0.28643663 0.39061777 0.06045107 0.01645297 1.17346443 1.00000000
0.62305883 0.97358256 0.20060736 0.01002153 1.79937108 1.00000000
0.83543155 0.98188239 0.23437862 0.00634128 2.39244445 1.00000000
0.79302345 0.82120853 0.51221047 0.02353364 1.27736980 1.00000000
0.66319434 0.97546087 0.14841958 0.01546165 1.29949456 1.00000000
0.59358037 0.96154340 0.33711481 0.02827170 0.47119011 0.00000000
0.11863823 0.51798309 0.72578311 0.01533724 1.34329617 1.00000000
0.66520166 0.30164396 0.54395890 0.00658017 3.22331278 1.00000000
0.46045704 0.18384829 0.32851462 0.01026890 2.09935997 1.00000000
0.49658178 0.72635892 0.95965284 0.00243146 5.36205390 0.00000000
0.44392382 0.49452596 0.06863809 0.00429664 2.65811782 0.00000000
0.30827387 0.14714472 0.70788479 0.01015348 1.88184989 1.00000000
0.04647812 0.15932354 0.38806217 0.00883354 2.04449037 1.00000000
0.16982853 0.02354686 0.08756158 0.01411884 1.34460452 1.00000000
0.10256198 0.83203680 0.80319347 0.02681265 1.06869691 1.00000000
0.56421560 0.79380619 0.55338680 0.00314414 5.80907446 0.00000000
0.11150139 0.95614657 0.75412475 0.00433691 2.52483382 0.00000000
0.89563959 0.90136233 0.23459628 0.00940750 1.95856706 1.00000000
0.19952470 0.78784849 0.67358697 0.00711705 3.11411958 0.00000000
0.60283050 0.43877266 0.23038729 0.02269491 1.21666767 1.00000000
0.70172096 0.39190171 0.09760178 0.00429531 3.61981762 0.00000000
0.05847496 0.59841077 0.04668542 0.00613206 2.42678828 1.00000000
0.75084763 0.70139552 0.40518824 0.02512583 0.96343631 0.00000000
0.13306772 0.53020760 0.77966952 0.00380829 2.92153798 0.00000000
0.65843938 0.10851962 0.63333794 0.01558120 1.28279001 1.00000000
0.19034912 0.64742911 0.67585488 0.01080922 1.59876825 1.00000000
0.96630300 0.30716521 0.63445305 0.00890982 1.34353613 0.00000000
0.48508222 0.20435801 0.45250864 0.01789934 1.89163570 1.00000000
0.74290176 0.45944372 0.57076836 0.01348257 1.43185765 1.00000000
0.12855109 0.70295544 0.13044209 0.01504952 1.46348787 1.00000000
0.92374940 0.06748988 0.30841489 0.01070753 1.00731273 0.00000000
0.60590110 0.76808118 0.28197149 0.00878261 1.60684586 0.00000000
0.68502045 0.63599162 0.36657670 0.01417348 0.85162989 0.00000000
0.48118566 0.96569916 0.21238470 0.02748717 0.43355814 0.00000000
0.78335765 0.21909141 0.54506024 0.00814871 1.75769315 1.00000000
0.25003290 0.07012637 0.85119643 0.01136404 1.10626388 0.00000000
0.20346863 0.78621693 0.19563886 0.01527155 0.72155819 0.00000000
0.13082199 0.34286762 0.91932961 0.01295072 0.86573119 0.00000000
0.45691154 0.10750478 0.97094660 0.00748050 2.75889595 1.00000000
0.38636461 0.54659676 0.67152046 0.01110429 1.70883478 1.00000000
0.43741497 0.41600196 0.24809882 0.00944014 1.49729272 0.00000000
0.78887666 0.96435160 0.44523562 0.02514823 1.13683093 1.00000000
0.56696861 0.01871880 0.07013852 0.01075860 1.38179998 1.00000000
0.43941691 0.69173782 0.35351307 0.00975243 1.25912629 0.00000000
0.11709195 0.21308699 0.02645880 0.01901489 0.65667750 0.00000000
0.67524207 0.82286106 0.74755680 0.01184076 1.34460593 0.00000000
0.16913596 0.24559686 0.41602122 0.01428447 1.35053770 1.00000000
0.57523998 0.78899132 0.91087928 0.00232841 4.57131260 1.00000000
0.57553151 0.35571392 0.16585673 0.01327622 1.90178871 1.00000000
0.34651022 0.51262563 0.07905660 0.01626902 0.68029976 0.00000000
0.96182377 0.30379976 0.75408344 0.01353183 1.06943737 0.00000000
0.58336154 0.53004894 0.57672507 0.01359838 1.72326776 1.00000000
0.33218729 0.69509670 0.58373695 0.01409630 1.15648648 0.00000000
0.53076548 0.62496054 0.41900046 0.01785038 0.92855965 0.00000000
0.49801765 0.10524824 0.32636057 0.01924231 0.99150599 0.00000000
0.04255629 0.25405879 0.93792406 0.01184855 1.66016316 1.00000000
0.12185108 0.93378474 0.15578975 0.01742340 1.49978704 1.00000000
0.39415059 0.23132206 0.80567291 0.00734486 3.37937940 1.00000000
0.89742673 0.25352826 0.25121232 0.01239005 1.38484464 0.00000000
0.61092349 0.59565272 0.34911724 0.02199015 0.80634428 0.00000000
0.16329675 0.98043411 0.13920160 0.01129848 1.32650389 0.00000000
0.26953835 0.87785365 0.85029099 0.00492178 4.16787190 0.00000000
0.85427139 0.20030957 0.92666570 0.00035541 49.93405812 1.00000000
0.09932441 0.51370685 0.19948066 0.00533507 4.02240090 0.00000000
0.32408359 0.96392782 0.53174794 0.02905288 1.15774005 1.00000000
0.81997660 0.88795530 0.06691454 0.00251338 5.09225020 0.00000000
0.26157290 0.81159289 0.92249328 0.00420368 3.87387851 0.00000000
0.39750775 0.55194061 0.75354113 0.00509329 3.08188939 1.00000000
0.48426152 0.28298104 0.04884640 0.00940326 1.63902746 1.00000000
0.36483538 0.27114141 0.11783304 0.00081797 12.42269755 1.00000000
0.42820342 0.82750321 0.34199001 0.01188807 1.37180100 1.00000000
0.64305782 0.64699322 0.88734852 0.00760430 2.65123243 1.00000000
0.86256799 0.77312539 0.29379366 0.00974250 1.72876637 0.00000000
0.13414204 0.49418849 0.36190769 0.01251111 1.35426130 1.00000000
0.05354376 0.90451900 0.74142633 0.02378218 1.08589114 1.00000000
0.05884301 0.52510823 0.68646373 0.02619526 0.45546122 0.00000000
0.42839572 0.47275616 0.86494303 0.00618075 1.71376240 0.00000000
0.39767975 0.78637235 0.36230191 0.01085521 0.94239986 0.00000000
0.20503951 0.61978804 0.59215917 0.01035803 1.46458904 1.00000000
0.90278456 0.31664484 0.97971866 0.01210584 1.55082477 1.00000000
0.80651436 0.49806959 0.73492391 0.00519355 2.20802782 1.00000000
0.78152321 0.09082143 0.34698646 0.00996825 1.48726744 1.00000000
0.97486010 0.73045475 0.86519648 0.00720201 1.69890246 0.00000000
0.04845290 0.26774607 0.20222755 0.02307160 0.48020087 0.00000000
0.78358759 0.53963578 0.34025167 0.01378128 1.56917350 1.00000000
0.63566689 0.90280860 0.85342588 0.00953455 2.60012571 1.00000000
0.56233318 0.39334176 0.91058988 0.01445498 0.88766639 0.00000000
0.18541451 0.81157380 0.15351700 0.01312660 0.76553316 0.00000000
0.85106064 0.56480192 0.98068153 0.00201342 5.44150781 1.00000000
0.28201613 0.95528744 0.97821312 0.01255367 1.19676644 0.00000000
0.74311685 0.38081321 0.39365545 0.01089557 1.04888998 0.00000000
0.53290549 0.76824955 0.35095434 0.01749546 1.15774521 0.00000000
0.25342433 0.37208146 0.26650955 0.01301860 1.98270562 0.00000000
0.43701948 0.42857332 0.96204778 0.01844994 1.74477524 1.00000000
0.61595866 0.58733457 0.95479632 0.00848768 1.56609176 0.00000000
0.78776540 0.05484962 0.44839241 0.01888684 1.67346647 1.00000000
0.71041185 0.81334480 0.13792354 0.01082597 2.01264981 1.00000000
0.18367085 0.24414433 0.45377073 0.00749344 1.67710594 1.00000000
0.32202711 0.27095646 0.58972468 0.01335207 1.45205462 1.00000000
0.63908528 0.59870038 0.60439416 0.01705851 0.73030362 0.00000000
0.89395273 0.33076684 0.11594724 0.01825784 1.25431189 0.00000000
0.91281540 0.48889091 0.05404684 0.02156047 0.71501488 0.00000000
0.37207953 0.05704189 0.38692695 0.00718299 1.76578140 0.00000000
0.93734575 0.81427175 0.82328966 0.01807202 1.18131688 1.00000000
0.28211749 0.43590119 0.19415706 0.00366184 4.30230527 1.00000000
0.16338245 0.44826659 0.38802660 0.01282859 1.61567372 0.00000000
0.56063236 0.27200891 0.33774708 0.02095453 1.32883957 1.00000000
0.98627116 0.20682339 0.07190638 0.00157250 7.17208006 0.00000000
0.42274707 0.95232090 0.01694341 0.01021365 1.12384277 0.00000000
0.34958026 0.19463340 0.40434554 0.01936003 1.09418581 0.00000000
0.24731549 0.70497202 0.79681808 0.00670454 1.52807512 0.00000000
0.41249139 0.87507744 0.36945580 0.01648941 1.33267447 0.00000000
0.91841735 0.95328176 0.45017393 0.00648257 2.77365632 1.00000000
0.67233562 0.74135017 0.08583031 0.00797597 1.68994280 0.00000000
0.26282032 0.91403675 0.75856557 0.01347055 0.91223695 0.00000000
0.32159613 0.73776910 0.49466032 0.00695981 1.75293711 1.00000000
0.97040782 0.07141181 0.81760965 0.01043244 1.02426804 0.00000000
0.39942967 0.37840429 0.21484926 0.01293451 1.73517598 1.00000000
0.28389248 0.86313294 0.75291689 0.01092454 1.17787166 0.00000000
0.68126443 0.97369005 0.94731485 0.01588548 1.20631113 1.00000000
0.30053936 0.08139068 0.64722868 0.00279217 8.23518735 0.00000000
0.46885449 0.94368385 0.02818273 0.01085025 1.32344715 0.00000000
0.49724074 0.40291693 0.91938832 0.02022591 1.15750120 1.00000000
0.95740530 0.67861761 0.39806221 0.00345570 4.76941099 0.00000000
0.13287325 0.26042897 0.35981658 0.01458075 2.05646832 1.00000000
0.55953300 0.10514421 0.04833465 0.00746499 2.75165706 0.00000000
0.79747246 0.52022875 0.97783256 0.00916043 1.65959181 0.00000000
0.63822987 0.28087897 0.85331703 0.00630888 3.11522317 1.00000000
0.31956509 0.04754546 0.23600838 0.00378453 2.73049284 0.00000000
0.50176036 0.86300023 0.22162227 0.00388007 3.57866767 1.00000000
0.66871804 0.39819093 0.92987805 0.01252053 2.13041101 0.00000000
0.28241300 0.18555265 0.49442027 0.01113022 2.28227453 1.00000000
0.28360047 0.54943772 0.26167192 0.00992662 1.97215012 1.00000000
0.78902933 0.11622789 0.10454217 0.01442863 0.73132258 0.00000000
0.93142488 0.16457554 0.12733413 0.01203932 1.38807820 1.00000000
0.76852154 0.46864886 0.68272842 0.02720133 1.14694023 1.00000000
0.46610870 0.83250064 0.83434399 0.02392214 1.12342188 1.00000000
0.81545800 0.39132449 0.64897026 0.00469532 2.45604260 1.00000000
0.32460520 0.33912780 0.73763386 0.02319034 1.11061806 1.00000000
0.11819168 0.84299089 0.35328839 0.01310257 1.33044788 1.00000000
0.76651880 0.84200953 0.06499144 0.02014196 1.11927113 1.00000000
0.47557266 0.86794778 0.41025012 0.00125033 9.22674807 0.00000000
0.73391344 0.40778400 0.23123378 0.00555077 2.37943843 1.00000000
0.71852938 0.63786984 0.93736679 0.01356825 0.94096919 0.00000000
0.79126879 0.69399232 0.87063758 0.01772115 1.34911439 1.00000000
0.03896101 0.39672974 0.40794336 0.01485110 1.56277843 0.00000000
0.04623744 0.23570558 0.36839753 0.00592515 2.10075220 0.00000000
0.62213570 0.46787492 0.10356884 0.01735168 0.63875016 0.00000000
0.95854265 0.90948112 0.48017563 0.01319429 1.82956343 0.00000000
0.57927395 0.17961036 0.42727299 0.00217743 7.02144951 0.00000000
0.73401959 0.59429484 0.90321377 0.00998638 2.16021468 0.00000000
0.19198784 0.17701677 0.35992497 0.02124566 1.21193055 1.00000000
0.89765572 0.59475485 0.44042691 0.00685125 2.51548516 0.00000000
0.03274316 0.74533186 0.10946820 0.00895431 1.57982064 1.00000000
0.83051802 0.41402099 0.91907205 0.02725929 1.23688307 1.00000000
0.87351231 0.60523974 0.30827070 0.01022343 1.47045301 1.00000000
0.42740706 0.07058520 0.28947594 0.01376901 1.15302265 0.00000000
0.03231576 0.21903854 0.77452310 0.01515711 0.71286757 0.00000000
0.02943478 0.92596260 0.59133372 0.00897467 1.94661789 1.00000000
0.03571081 0.81467075 0.41111304 0.02317079 1.10743340 1.00000000
0.18016013 0.67488095 0.58468594 0.00513909 2.44577669 0.00000000
0.05716349 0.56593567 0.05920406 0.00722150 1.49272646 0.00000000
0.27599253 0.88309239 0.79652180 0.02029088 0.52562100 0.00000000
0.17964974 0.31908121 0.30662308 0.01165885 1.78002644 1.00000000
0.92918087 0.07195634 0.35007387 0.01236137 1.04661672 0.00000000
0.55762412 0.66416313 0.96836079 0.01571310 0.74064105 0.00000000
0.25293971 0.46697325 0.03785920 0.01482381 0.97349910 0.00000000
0.60629024 0.86537825 0.09007953 0.00414962 4.90124555 1.00000000
0.46226739 0.67198333 0.96701932 0.00753621 3.39924293 0.00000000
0.09244097 0.62080768 0.65359484 0.01790663 1.18099040 1.00000000
0.48477260 0.27575717 0.42447968 0.00827166 3.02291658 0.00000000
0.15435333 0.81756245 0.08068396 0.02153212 1.10868937 1.00000000
0.79754554 0.82585582 0.67535324 0.01509613 0.93262339 0.00000000
0.20584012 0.56512020 0.71769611 0.01179019 1.28341112 0.00000000
0.68916038 0.40778143 0.63402177 0.01603285 1.81801264 1.00000000
0.70030797 0.03570655 0.23317930 0.02562153 1.07501665 1.00000000
0.96073459 0.43194490 0.04235602 0.00877019 2.42941008 1.00000000
0.60787955 0.26563247 0.20755825 0.01197232 1.91935311 1.00000000
0.52523877 0.79096774 0.77799191 0.00130065 10.64025973 0.00000000
0.04041206 0.59902345 0.93969453 0.02847791 1.09464645 1.00000000
0.15551297 0.63340183 0.03245845 0.02101277 1.28745353 1.00000000
0.91132235 0.97629703 0.78250963 0.01749266 1.24654074 1.00000000
0.51654853 0.48681922 0.29814361 0.02127152 1.34411728 1.00000000
0.54190347 0.04906729 0.35579123 0.00828412 2.02406379 1.00000000
0.41196736 0.16872188 0.23535174 0.01229709 1.37294918 1.00000000
0.86609558 0.25021891 0.85451659 0.00297210 4.00680950 1.00000000
0.19292633 0.85989403 0.48719095 0.01721038 1.23094222 1.00000000
0.59346263 0.23346685 0.14151012 0.01708524 1.29663525 0.00000000
0.48821649 0.17517672 0.04091924 0.01915513 1.44975405 1.00000000
0.67288994 0.07161429 0.19520251 0.01523883 1.33662672 1.00000000
0.04333009 0.37820829 0.19226741 0.03171837 0.46432631 0.00000000
0.66853486 0.59051547 0.11055170 0.00212021 6.45541727 1.00000000
0.08117561 0.64668835 0.04271640 0.02474190 0.72090322 0.00000000
0.25724484 0.95071026 0.25077385 0.01600310 0.89657212 0.00000000
0.95947286 0.93375938 0.91860092 0.01025398 1.29579896 0.00000000
0.95286832 0.65610347 0.17660284 0.00266898 3.96355948 1.00000000
0.12176664 0.64621545 0.82119434 0.00075571 13.70404324 1.00000000
0.60223509 0.40077406 0.62482044 0.01302075 1.50182870 1.00000000
0.04833680 0.14341456 0.80688991 0.00732288 1.54405217 0.00000000
0.45248686 0.63187239 0.94654623 0.00977143 1.05521229 0.00000000
0.06676628 0.08699820 0.64316582 0.00100995 10.72444333 1.00000000
0.43243867 0.72931879 0.25467304 0.00911318 1.77505615 0.00000000
0.60657055 0.60807348 0.19153710 0.01152450 1.96704003 1.00000000
0.62909907 0.92870771 0.19196477 0.00380019 3.66764372 0.00000000
0.73333860 0.87681170 0.45011646 0.01231227 1.04251744 0.00000000
0.09861875 0.40538181 0.90781650 0.00620768 2.06806890 1.00000000
0.86357575 0.69033806 0.10115440 0.00640254 1.79256972 0.00000000
0.29069584 0.93244773 0.72951546 0.01426920 0.78981505 0.00000000
0.39574268 0.50751834 0.57169712 0.02351749 0.49368087 0.00000000
0.84905124 0.60143476 0.79333321 0.02733303 1.16749907 1.00000000
0.82445249 0.61095875 0.71495602 0.00357528 3.15715628 0.00000000
0.28170849 0.15680715 0.16040109 0.01210851 1.48315744 1.00000000
0.78696612 0.92977111 0.39782484 0.00508266 4.17185536 0.00000000
0.28098223 0.55712088 0.82774278 0.01529493 1.64897388 1.00000000
0.12832557 0.32758849 0.64565231 0.01630440 1.29936047 1.00000000
0.75040124 0.05405953 0.93261619 0.02307045 1.22784379 1.00000000
0.89851623 0.45359549 0.45050405 0.00734396 1.75524228 1.00000000
0.77276879 0.29283302 0.80020608 0.00282375 6.21564614 0.00000000
0.86227808 0.90141987 0.48569763 0.02054564 0.49055503 0.00000000
0.70227283 0.03452101 0.29032853 0.01297239 1.10150046 0.00000000
0.64536379 0.24951424 0.03514918 0.02433558 1.14768692 1.00000000
0.06191859 0.73874322 0.65225105 0.00476502 2.45880901 1.00000000
0.49137459 0.03548426 0.57855923 0.00467457 4.47654948 0.00000000
0.44363392 0.50477028 0.45975257 0.01351877 1.31099070 1.00000000
0.95562952 0.32569138 0.86478289 0.01123407 2.12299476 1.00000000
0.67757476 0.70093569 0.03451668 0.00906262 2.71946491 0.00000000
0.64417435 0.03206949 0.84200778 0.01091757 2.44994629 1.00000000
0.35257656 0.81857546 0.23267133 0.01493254 1.80008708 1.00000000
0.91838649 0.94907351 0.14206691 0.02427027 1.30002938 1.00000000
0.77701976 0.47393744 0.18942571 0.02272692 1.20546508 1.00000000
0.66451650 0.51171075 0.97366721 0.01205086 1.79575824 0.00000000
0.55559463 0.67394919 0.09773507 0.00339648 8.25417322 0.00000000
0.90226619 0.74936835 0.89584520 0.01034842 1.41795791 1.00000000
0.09913442 0.64108391 0.35635532 0.00639778 2.92482906 0.00000000
0.37921936 0.69980457 0.25373432 0.00988084 1.70037032 0.00000000
0.08276670 0.96979106 0.40448613 0.01998513 0.64639075 0.00000000
0.62304240 0.50837651 0.25022332 0.01275524 1.82054848 1.00000000
0.25612945 0.18499252 0.66488723 0.01974437 0.65143737 0.00000000
0.02101495 0.46128111 0.49590050 0.00560928 2.24743389 1.00000000
0.20136640 0.63249181 0.18340503 0.01683052 0.80821800 0.00000000
0.96160089 0.63762632 0.25687137 0.00129281 10.80532503 0.00000000
0.94033486 0.87483602 0.04563836 0.01757388 0.59179839 0.00000000
0.24761404 0.76758446 0.95790168 0.00910885 1.62039472 1.00000000
0.89619392 0.18389249 0.60832563 0.02293937 1.21164881 1.00000000
0.01621754 0.83182234 0.45584353 0.00425053 3.33861637 0.00000000
0.27653854 0.86086977 0.55795239 0.01825808 0.89616269 0.00000000
0.02413437 0.29534074 0.91855790 0.00963834 1.53098570 0.00000000
0.89346414 0.88021537 0.86948837 0.01383690 0.88809324 0.00000000
0.81504896 0.33292157 0.49910608 0.00379714 3.81321269 0.00000000
0.51013790 0.90722950 0.46966927 0.01109570 1.41646465 1.00000000
0.91410697 0.58680714 0.06327670 0.01330415 0.93870151 0.00000000
0.74892188 0.04296788 0.01807290 0.00353783 3.87899802 1.00000000
0.42396618 0.87985831 0.89427399 0.00315575 6.01823000 1.00000000
0.65359642 0.05546266 0.52285419 0.01470168 1.46486591 1.00000000
0.16078326 0.17115037 0.61222526 0.00570316 2.20984207 0.00000000
0.33378183 0.69823072 0.32496101 0.00731775 2.38124242 0.00000000
0.43806294 0.20632636 0.87364394 0.01071486 2.15911100 1.00000000
0.79040182 0.64104965 0.37513302 0.02126224 1.11047362 0.00000000
0.79081465 0.26597332 0.22760360 0.01442533 1.43101529 1.00000000
0.62363707 0.96671324 0.16207576 0.00489688 2.63157962 0.00000000
0.92648116 0.05233151 0.77854540 0.00937780 1.36090788 0.00000000
0.47532485 0.93815868 0.70372429 0.01271599 2.29003601 1.00000000
0.38466622 0.71677243 0.35529631 0.00052109 20.37226862 0.00000000
0.19710854 0.08629177 0.70007104 0.01204078 1.20558149 0.00000000
0.64982163 0.41106044 0.55854024 0.01257418 1.49347304 1.00000000
0.84332468 0.72726121 0.76841407 0.01245462 2.01990377 1.00000000
0.49325725 0.30137840 0.58479238 0.02054237 0.70873073 0.00000000
0.93159097 0.12105676 0.66221930 0.00996911 1.77042700 1.00000000
0.23851041 0.92586676 0.36942478 0.01799440 0.77047893 0.00000000
0.57661734 0.23573830 0.90230278 0.00863910 2.34754712 1.00000000
0.43708288 0.28178572 0.57810990 0.01920078 1.40095171 1.00000000
0.05134703 0.34347002 0.03758351 0.00952086 2.15887291 0.00000000
0.30656514 0.24093957 0.88179936 0.02451407 0.44018880 0.00000000
0.98364599 0.26026445 0.60390422 0.00175563 6.69064119 0.00000000
0.65815829 0.77821629 0.46898257 0.01056304 1.67923002 0.00000000
0.01943248 0.20409358 0.92233233 0.00992545 1.65418880 1.00000000
0.96017206 0.14350926 0.95405655 0.01171918 1.77781749 1.00000000
0.45205002 0.85503171 0.76912249 0.01187270 1.05819907 0.00000000
0.16377084 0.64120190 0.43919302 0.00309212 5.76837990 0.00000000
0.62728983 0.14768838 0.87143975 0.00712754 1.94152334 1.00000000
0.95138527 0.97665785 0.69595825 0.01508678 0.82106809 0.00000000
0.86790437 0.09309478 0.20003200 0.02244501 1.18411438 1.00000000
0.36133781 0.39211308 0.82997942 0.00272044 4.63024086 1.00000000
0.69978790 0.61076321 0.82607893 0.00908873 2.47623034 0.00000000
0.96961132 0.62589677 0.33774807 0.01604337 1.04440538 0.00000000
0.62278577 0.92537798 0.46101086 0.02449022 0.61474475 0.00000000
0.11825707 0.95637483 0.03340843 0.02441823 1.26492906 1.00000000
0.44684722 0.91741436 0.21110250 0.01490163 0.96047158 0.00000000
0.86279047 0.12659185 0.13824192 0.00235223 5.52089977 1.00000000
0.36716599 0.88408106 0.65041872 0.02093304 1.48804297 1.00000000
0.34596558 0.46120106 0.78813887 0.01709617 1.17495135 1.00000000
0.96613466 0.20175420 0.31892935 0.02272696 1.13525346 1.00000000
0.69940651 0.98546692 0.13340087 0.00289535 4.29982649 1.00000000
0.24737127 0.89281638 0.09634315 0.00985625 1.81121414 1.00000000
0.73943422 0.43890700 0.43120235 0.01523445 1.81007044 1.00000000
0.36872020 0.50621094 0.92947558 0.01174753 1.73404927 1.00000000
0.65460251 0.34389810 0.43286052 0.02229409 1.17777279 1.00000000
0.45669359 0.96231007 0.41959347 0.00883262 2.12425108 0.00000000
0.03902084 0.56866389 0.62336599 0.01832762 1.25911632 1.00000000
0.26244214 0.78103100 0.76215822 0.01621077 1.18895763 1.00000000
0.30576863 0.38521386 0.77434821 0.01215156 1.33797302 1.00000000
0.07450215 0.26863290 0.72731898 0.00870170 1.77415976 0.00000000
0.23929512 0.73876230 0.13407125 0.00461524 4.28876044 1.00000000
0.89118128 0.09912255 0.67626622 0.01168730 0.92057412 0.00000000
0.90233324 0.80608339 0.96608245 0.01970801 1.14410934 1.00000000
0.34738976 0.09162371 0.37628133 0.01104940 1.89480703 0.00000000
0.23241389 0.55046598 0.44935561 0.00402884 3.78738564 1.00000000
0.21700193 0.03812153 0.65672242 0.00622844 2.17330866 1.00000000
0.95337595 0.86856808 0.86851726 0.01102501 1.75713819 1.00000000
0.55440976 0.87655708 0.67833024 0.02046352 0.99801570 0.00000000
0.03245832 0.28248298 0.77590962 0.00921267 2.09549051 1.00000000
0.82603392 0.08812981 0.11273634 0.01394682 1.48491237 1.00000000
0.07674908 0.91191847 0.07360425 0.02047175 0.68973028 0.00000000
0.13710898 0.70253739 0.58058889 0.02534334 1.10519847 1.00000000
0.93856504 0.03395976 0.03644613 0.01580887 0.93577610 0.00000000
0.18563623 0.36120185 0.84639299 0.01946465 1.16979494 1.00000000
0.03779158 0.49341459 0.46949062 0.01147589 1.28158596 0.00000000
0.81459144 0.64434864 0.92977349 0.01054034 1.35253552 0.00000000
0.51198030 0.75398954 0.98274558 0.00902163 1.81059239 1.00000000
0.15263789 0.85078065 0.67366285 0.02624632 1.10372182 1.00000000
0.66024654 0.33587998 0.37589632 0.01183597 1.16059020 0.00000000
0.54138476 0.44772205 0.23693611 0.00885461 2.10108898 0.00000000
0.80330483 0.54009672 0.11998990 0.01597847 1.21597782 1.00000000
0.44274802 0.15294110 0.36588077 0.01114849 1.84445137 0.00000000
0.82818187 0.39512806 0.04666364 0.00529439 2.83585433 1.00000000
0.98054691 0.66646575 0.96360013 0.01262318 0.94233611 0.00000000
0.77727570 0.58755509 0.81318625 0.00819087 2.57939670 1.00000000
0.60846312 0.56757473 0.79095032 0.01590972 1.31450745 1.00000000
0.41509044 0.45781673 0.54034681 0.00179689 10.17890605 1.00000000
0.54144261 0.03272642 0.50656650 0.00383760 3.03533438 1.00000000
0.03287733 0.50893127 0.30577267 0.01809210 0.64875861 0.00000000
0.45085714 0.27599306 0.29668433 0.00676955 2.53896748 1.00000000
0.41650305 0.57842149 0.89104702 0.00653678 3.82103414 0.00000000
0.34436254 0.92573970 0.19014831 0.01147675 1.36807670 0.00000000
0.13020564 0.67442130 0.80730935 0.00564456 2.69788338 1.00000000
0.61987771 0.01550860 0.43420566 0.01072917 1.40374336 1.00000000
0.18886814 0.04121929 0.87966062 0.01290847 1.30303067 1.00000000
0.34878658 0.52647469 0.59050256 0.00832426 1.48242083 0.00000000
0.35944721 0.07506145 0.04721895 0.00842712 1.63386671 1.00000000
0.98704872 0.09548492 0.75280863 0.00370512 2.82197223 0.00000000
0.13374572 0.61322840 0.46912168 0.01561529 0.98744845 0.00000000
0.03341843 0.03977084 0.68715163 0.01410179 2.03375378 1.00000000
0.46283395 0.08949911 0.78632357 0.01054596 1.37933359 0.00000000
0.64588447 0.77456845 0.09831468 0.01255613 1.52598820 1.00000000
0.70620336 0.04634776 0.50057725 0.01092385 1.30500029 0.00000000
0.51001959 0.05817894 0.72156011 0.01302954 0.88007745 0.00000000
0.44211344 0.63064520 0.09648462 0.00942949 1.06249658 0.00000000
0.19769539 0.50604931 0.43738566 0.01106624 1.39517699 1.00000000
0.16431334 0.56612599 0.63080235 0.00852137 1.66566752 1.00000000
0.39390530 0.12191019 0.51975305 0.01083715 1.47498155 1.00000000
0.03539888 0.71226509 0.29947891 0.01734765 1.10722199 0.00000000
0.61052948 0.57630404 0.10106182 0.01039506 1.61163743 1.00000000
0.90257053 0.37279285 0.49137750 0.01875611 0.80523513 0.00000000
0.88681205 0.75657861 0.03126550 0.00759401 1.97951669 1.00000000
0.33981220 0.23919710 0.22936629 0.02271150 0.67375796 0.00000000
0.96685551 0.47798816 0.97143854 0.02152379 1.24926195 1.00000000
0.86131172 0.61576226 0.87115585 0.01588817 1.76287269 0.00000000
0.04955301 0.98266328 0.37673566 0.00303654 3.58199952 0.00000000
0.97737731 0.60396806 0.53271764 0.01644351 1.26000166 1.00000000
0.57865369 0.69776422 0.30562041 0.00344815 4.24829213 1.00000000
0.86298377 0.57469334 0.51629751 0.01519402 1.20941633 1.00000000
0.12100804 0.85106854 0.86868051 0.01393722 1.46236625 1.00000000
0.97130241 0.39025046 0.77022588 0.00678845 1.75160514 0.00000000
0.13525551 0.27225579 0.16610273 0.01237932 1.67486099 1.00000000
0.12312220 0.57156319 0.85804572 0.01061103 1.42395970 1.00000000
0.52092990 0.41521319 0.04112586 0.00167060 8.74834907 1.00000000
0.65594546 0.32097500 0.05828186 0.01143826 1.50513245 0.00000000
0.84643787 0.18334029 0.37085542 0.00102738 29.60921381 0.00000000
0.47379049 0.76123225 0.55883153 0.01690643 0.86587789 0.00000000
0.07314476 0.68373874 0.40022321 0.01907532 0.93889582 0.00000000
0.15782472 0.44048664 0.88596241 0.01309733 1.08743852 0.00000000
0.72467715 0.40629252 0.55357126 0.01546364 1.51661082 1.00000000
0.06663713 0.03326962 0.13982016 0.01018315 0.99188308 0.00000000
0.18494090 0.37582904 0.96822474 0.00430764 2.71079250 0.00000000
0.56418686 0.37989540 0.32090557 0.01198191 1.47399328 1.00000000
0.22468528 0.49110994 0.60927266 0.00839972 2.10254920 1.00000000
