0.69714790 0.05269885 0.32312580 0.02692342
0.13093033 0.21596075 0.36018090 0.02178836
0.53476411 0.42763094 0.66588183 0.02653858
0.84147278 0.07319008 0.65394692 0.02288459
0.55251542 0.17821968 0.22986243 0.02692879
0.91200510 0.33583921 0.66921717 0.03421415
0.84603636 0.13611919 0.09579039 0.03565139
0.84200535 0.13673078 0.42864697 0.02222678
0.52897784 0.66765075 0.33880859 0.03719990
0.79591309 0.07401713 0.72120532 0.03204352
0.71653294 0.30842995 0.75240601 0.03778836
0.45273790 0.87060811 0.31280198 0.02096129
0.16708448 0.06750661 0.66092357 0.02446773
0.28833386 0.49239219 0.09677254 0.02302093
0.18605188 0.57936477 0.67752288 0.02990823
0.42204327 0.67633340 0.42215510 0.02094435
0.53263358 0.64890642 0.51353576 0.01994912
0.57567144 0.85267737 0.18305935 0.03694730
0.77838129 0.40733357 0.19693633 0.02164625
0.36680677 0.71944141 0.69773096 0.03662266
0.60841665 0.71998749 0.36753745 0.03578282
0.85650991 0.43524351 0.91860534 0.02412863
0.60772614 0.15896969 0.89789192 0.03160539
0.57004315 0.41791785 0.26502679 0.02754833
0.56453316 0.06458233 0.60260294 0.03616421
0.52430703 0.84670228 0.37178155 0.02520625
0.60802183 0.07602279 0.87604211 0.03626217
0.93970281 0.21030328 0.17917736 0.03212704
0.67216185 0.12036932 0.72346002 0.03671931
0.87297503 0.68649853 0.16872477 0.03332365
0.06872139 0.07062887 0.26898211 0.01937772
0.53407627 0.54635403 0.80014986 0.03534053
0.29989328 0.57771621 0.92555398 0.02135929
0.07198219 0.76732193 0.26256129 0.02965957
0.40136074 0.81977623 0.71737147 0.03433500
0.17666893 0.10859764 0.16322876 0.02956856
0.14308864 0.25058347 0.69367401 0.01984649
0.06654088 0.11937855 0.91552502 0.02963462
0.23625068 0.27983678 0.71674228 0.02979391
0.57350275 0.92463393 0.81333833 0.02271316
0.49438210 0.60816502 0.79664469 0.02355711
0.06433892 0.11089456 0.48764310 0.02197904
0.56110107 0.33792129 0.93361433 0.03052026
0.39350916 0.54526591 0.71797202 0.03001516
0.29195772 0.11621354 0.38502667 0.03171542
0.24306274 0.72407349 0.11572484 0.03096463
0.77455666 0.22381166 0.62564180 0.02394599
0.87833996 0.28918877 0.11343883 0.02896874
0.74017511 0.85986453 0.88118044 0.03296625
0.25813493 0.60632746 0.90883232 0.01926508
0.54951719 0.86325684 0.62373462 0.03705335
0.48744961 0.59344751 0.54438796 0.02641015
0.16209934 0.17001141 0.50512015 0.02230516
0.90774769 0.79774430 0.05856465 0.01940897
0.34815404 0.16635209 0.77983751 0.02234773
0.89505038 0.57361777 0.84004812 0.02555000
0.85599429 0.46476895 0.54069934 0.03504995
0.31144451 0.49142364 0.58721156 0.03417347
0.58510968 0.43961596 0.77983485 0.01929513
0.85311706 0.56997582 0.21599747 0.02498965
0.59862778 0.10727950 0.42974170 0.03397066
0.87029525 0.05805550 0.92174127 0.03190231
0.92469113 0.59386565 0.79477153 0.02615503
0.61381683 0.30944915 0.57716575 0.02991952
0.81597427 0.72494082 0.67465414 0.03325041
0.34442411 0.64984642 0.45689785 0.03542511
0.42007207 0.41170924 0.33634550 0.02625995
0.43814145 0.92018012 0.65767850 0.03081647
0.43378787 0.35849220 0.76886181 0.02277283
0.85407815 0.64266851 0.29852456 0.03571997
0.81984124 0.52497700 0.77231371 0.02379497
0.70720579 0.51689661 0.74074850 0.02987728
0.46951975 0.36016727 0.11618432 0.02980830
0.12320630 0.93276339 0.21462009 0.02618056
0.82975181 0.66569591 0.56111534 0.03442532
0.47003370 0.35991474 0.25122161 0.02205846
0.33330094 0.86966753 0.86374474 0.03025773
0.14939935 0.22334860 0.49962532 0.02388525
0.24243152 0.27759638 0.81041077 0.03284313
0.60441595 0.26167043 0.14381933 0.02690113
0.47963359 0.19054524 0.60852416 0.02880128
0.63716078 0.18369501 0.72382475 0.02933619
0.51746311 0.75745147 0.06895041 0.02321893
0.83503946 0.80969266 0.53453565 0.02516289
0.89461282 0.78635543 0.81066392 0.03546556
0.63726389 0.68463141 0.60001090 0.02087612
0.09046690 0.73778441 0.70389915 0.03419269
0.28113529 0.61919666 0.36062311 0.02393427
0.45260745 0.74882595 0.93162639 0.03413518
0.17893539 0.86091888 0.53737665 0.02470472
0.61926710 0.93122749 0.54022368 0.03752007
0.17533188 0.37149886 0.07807598 0.02900209
0.72225317 0.07510441 0.37924785 0.02204751
0.66906730 0.66754440 0.22679074 0.03538458
0.57291697 0.93775860 0.23534018 0.02739618
0.28562263 0.72550561 0.46121753 0.02370693
0.50773984 0.23822001 0.77138127 0.02008166
0.07509628 0.58403959 0.80927379 0.02464930
0.72392537 0.50998510 0.53670139 0.02623931
0.89963354 0.25125665 0.29200971 0.02783503
0.43519471 0.14503729 0.62146187 0.02054801
0.43745157 0.78451439 0.61107679 0.03507118
0.11824465 0.06386771 0.10768523 0.02172504
0.15464158 0.07822168 0.72763926 0.02771309
0.72117554 0.45737040 0.45529417 0.02650216
0.47680035 0.77055178 0.41289225 0.02808338
0.09455229 0.73986257 0.17213205 0.03618904
0.06571323 0.53426081 0.05919736 0.03075176
0.19011548 0.21718781 0.61090540 0.02176561
0.92908742 0.68489445 0.70300355 0.03621038
0.41320177 0.28096099 0.21404467 0.03627657
0.78334935 0.17985361 0.28635991 0.02126968
0.33347845 0.92411560 0.29484124 0.03456269
0.33482662 0.86569635 0.38120016 0.02913941
0.51099165 0.89243543 0.08059262 0.02723825
0.84531962 0.08253431 0.51947406 0.03262069
0.82294820 0.55256850 0.67089172 0.02519381
0.61463275 0.31247014 0.06164645 0.02760422
0.33245209 0.51534374 0.87001214 0.02995836
0.27406121 0.38488015 0.88627334 0.02710302
0.80113685 0.86749538 0.26203276 0.03680050
0.25249471 0.33152032 0.20480366 0.02066216
0.42331627 0.78073150 0.22058356 0.03053479
0.25353739 0.64914153 0.49750080 0.02008232
0.21022954 0.56299611 0.94252500 0.02886130
0.08486421 0.13915699 0.11411481 0.03031655
0.38870663 0.92470386 0.20335802 0.02758293
0.73354834 0.78311149 0.61579482 0.03748296
0.47954080 0.06912428 0.36990997 0.03170592
0.05701778 0.73391953 0.33693344 0.02161559
0.25584610 0.35923916 0.52085436 0.03770329
0.46813532 0.16922593 0.33469241 0.03334294
0.65496883 0.74081140 0.17048169 0.02858586
0.66529862 0.45509062 0.86702880 0.03177693
0.06166618 0.48620435 0.81833838 0.03124286
0.23232968 0.71707731 0.31533107 0.03526074
0.25425719 0.24783182 0.23445618 0.03314499
0.38869843 0.07136207 0.14768882 0.02170785
0.76523500 0.12886271 0.26261672 0.03181672
0.80109708 0.44182783 0.88076718 0.02478584
0.48058958 0.16973821 0.92060794 0.03241498
0.23090712 0.43773157 0.41331954 0.02203684
0.70761022 0.21821032 0.63027362 0.02178828
0.24496149 0.58900831 0.71947263 0.03333181
0.58607338 0.31875816 0.70524766 0.03112616
0.43492352 0.74669188 0.11196508 0.03696086
0.22963666 0.40784090 0.32436797 0.03487016
0.86737661 0.38210909 0.52787112 0.02052197
0.17195977 0.23821451 0.12204341 0.02838821
0.28747712 0.37260381 0.15068178 0.02865051
0.71378620 0.18826814 0.54549252 0.02903018
0.73395366 0.70120610 0.20804903 0.02311573
0.07861398 0.81609946 0.55168670 0.03537736
0.73166766 0.69422620 0.93632484 0.02666119
0.05330584 0.89060719 0.82218563 0.02428362
0.51473054 0.68267226 0.74761257 0.03284817
0.67666907 0.05508858 0.74614172 0.02663545
0.27160548 0.16774102 0.25493113 0.03603192
0.84445115 0.53881885 0.30819334 0.02473984
0.65705189 0.25000646 0.47060034 0.02556828
0.61401653 0.83916777 0.45298340 0.02498055
0.46210850 0.63755921 0.17583768 0.03390469
0.86600079 0.59431778 0.73854593 0.02722665
0.49826680 0.80565814 0.11474660 0.02858931
0.89349242 0.51587260 0.22846533 0.02989217
0.60868182 0.79542411 0.06988766 0.03702789
0.13154954 0.34480530 0.88927475 0.03779746
0.79391080 0.82895610 0.44520381 0.01916984
0.77275011 0.48005170 0.17050664 0.02385916
0.66415456 0.40872749 0.50513765 0.02695298
0.06004511 0.69552348 0.55839864 0.02174199
0.50623105 0.75683204 0.67229231 0.03409699
0.92541923 0.33914979 0.93192608 0.02673152
0.76393129 0.43956195 0.37158432 0.02378863
0.22337958 0.57480343 0.84900576 0.03587934
0.87701262 0.30248996 0.59725956 0.02747623
0.25960655 0.06994272 0.42634497 0.03196662
0.18094438 0.69460187 0.67892462 0.02549710
0.28194463 0.67009117 0.25886748 0.03208145
0.38543307 0.37057149 0.10431784 0.02706833
0.68377526 0.60069040 0.63147145 0.03100129
0.18294888 0.51282035 0.83946248 0.02222887
0.46641084 0.43576300 0.49754974 0.02249512
0.35744673 0.28455912 0.81171391 0.02206870
0.31903913 0.82052113 0.65292857 0.02868265
0.16738849 0.47392980 0.93128653 0.03103601
0.62682135 0.19556792 0.62161269 0.03701768
0.47214338 0.43602405 0.58825255 0.02974758
0.72047013 0.56967408 0.87286635 0.03514943
0.94640225 0.09388286 0.22698318 0.02023006
0.14888381 0.61063354 0.09564148 0.02703230
0.10494886 0.68316005 0.65160447 0.02440785
0.48935194 0.52259099 0.08503752 0.03411072
0.36768806 0.26008725 0.44142350 0.03124041
0.47292636 0.92969039 0.37846202 0.02626688
0.39004017 0.94028862 0.10721748 0.02957173
0.08224300 0.56341219 0.21532163 0.02881742
0.92632640 0.83234142 0.45730408 0.03098822
0.38178382 0.17614693 0.70537900 0.02186490
0.45437588 0.84449174 0.52464894 0.02806325
0.30994029 0.50319382 0.92402094 0.01948932
0.12260811 0.40874683 0.76888640 0.02172853
0.74195925 0.31051658 0.24418761 0.02264184
0.40773932 0.39173672 0.64506746 0.01931760
0.41378679 0.34148966 0.55129050 0.03138400
0.79179089 0.67414222 0.86486985 0.03787575
0.10921716 0.47635865 0.36281737 0.01975485
0.83693813 0.27978745 0.29786424 0.02748607
0.54272510 0.24860269 0.65398802 0.02523887
0.13246259 0.83520426 0.26173772 0.02171307
0.56410280 0.52311896 0.12011098 0.02633408
0.89564720 0.77406978 0.31039361 0.03560839
0.35700214 0.54868071 0.92245172 0.02902909
0.65173282 0.34356033 0.74673013 0.02492236
0.85020517 0.72612407 0.73593809 0.02519039
0.24178102 0.09064555 0.34093520 0.02792010
0.67633175 0.65495115 0.43675682 0.01970514
0.53172869 0.09455005 0.17819992 0.03358799
0.35151954 0.09550739 0.59497474 0.02267491
0.06707876 0.83328580 0.63954490 0.02762712
0.89710814 0.10525467 0.26712975 0.03463706
0.42881970 0.83056889 0.11987076 0.02020353
0.16575143 0.74358377 0.80476103 0.02798913
0.48766970 0.26302983 0.91146329 0.01982253
0.59961083 0.91396311 0.36436454 0.03693396
0.70622996 0.28118008 0.58918275 0.03049361
0.10792296 0.17510043 0.80111965 0.03447776
0.52775121 0.27674258 0.31824178 0.03074857
0.43129641 0.11797969 0.84817928 0.03558104
0.84540324 0.56092540 0.15356939 0.02436065
0.81202204 0.59245026 0.91941048 0.02207511
0.58583173 0.58884779 0.60385452 0.02556791
0.72747450 0.90730816 0.53151442 0.02012437
0.83357003 0.34264513 0.16857325 0.03462898
0.22727212 0.76225178 0.05618119 0.01968530
0.06960466 0.94735576 0.57376420 0.02476357
0.88589280 0.50640480 0.45924009 0.02457415
0.29051828 0.32706633 0.38600970 0.03016956
0.57622179 0.67656092 0.11409811 0.02364451
0.72098795 0.76734973 0.71973902 0.03745058
0.48338148 0.45067476 0.65659337 0.02052116
0.68256867 0.66231313 0.67616634 0.02752601
0.26682525 0.21682400 0.40462078 0.03617796
0.78347621 0.60201029 0.73362822 0.02509073
0.14174267 0.15569022 0.38677630 0.02712564
0.57175361 0.23500697 0.52616226 0.03148424
0.66443786 0.85858128 0.11888986 0.02526705
0.22891899 0.80668752 0.64653460 0.03569317
0.18706147 0.62151412 0.81218776 0.02554244
0.43616130 0.35252541 0.94439578 0.02275882
0.38221872 0.15800959 0.62216255 0.02041691
0.93933406 0.88477925 0.18609157 0.02686448
0.46558813 0.55458993 0.75111301 0.02650276
0.42862834 0.28768617 0.86646939 0.02825668
0.92547049 0.16154565 0.21968315 0.02574898
0.18008845 0.23244242 0.85755629 0.02332436
0.67566244 0.47412519 0.78691233 0.03558879
0.49362143 0.27998224 0.84492106 0.02635280
0.80547043 0.72129613 0.58205202 0.02124566
0.61111832 0.62473969 0.34453844 0.02361494
0.84568936 0.46362384 0.73970759 0.02028230
0.58235457 0.43583297 0.39375369 0.02382388
0.50281373 0.26195429 0.21240460 0.03188916
0.81115765 0.93618633 0.87395646 0.02251468
0.75150715 0.54169392 0.78401337 0.02560002
0.58025534 0.75629899 0.14332582 0.02819081
0.66924859 0.41401345 0.17406356 0.02648380
0.35205415 0.24800596 0.88042870 0.02756222
0.58737630 0.71809171 0.53711033 0.03210315
0.88051337 0.82046767 0.20609701 0.03231013
0.39921239 0.53445342 0.35416430 0.02099412
0.66569269 0.55439659 0.37445421 0.03189117
0.88657183 0.58595652 0.92547767 0.03064913
0.05930484 0.30151583 0.53103074 0.02884735
0.10621297 0.54322285 0.76521769 0.03359129
0.11257874 0.05924063 0.92855530 0.02034030
0.81007793 0.66801835 0.48870989 0.02080057
0.08149382 0.46603149 0.30693578 0.03278721
0.85003043 0.74659367 0.34507224 0.01955036
0.34567751 0.33093193 0.87674628 0.03413461
0.52056376 0.89453900 0.83872060 0.03756141
0.21402551 0.52437032 0.42476352 0.02069097
0.88115927 0.21656469 0.81680990 0.03421253
0.32938547 0.09531937 0.31224496 0.01911015
0.90703138 0.47932076 0.30103927 0.02576431
0.14390795 0.25493616 0.92124917 0.02743230
0.86664182 0.85148296 0.88023879 0.02440786
0.84363638 0.61945120 0.23812777 0.02196684
0.19474047 0.45004648 0.12639318 0.02555720
0.22608053 0.67280540 0.56676288 0.02214105
0.27603538 0.61367059 0.09168036 0.03559314
0.82361448 0.93132967 0.06332423 0.02880777
0.25113282 0.09224005 0.05856652 0.02380399
0.09458967 0.30227825 0.62485128 0.02831371
0.16993422 0.89331537 0.77431252 0.02445383
0.22486093 0.87880069 0.88107219 0.03682254
0.29716948 0.54628872 0.21675845 0.02438735
0.21872742 0.89987809 0.49448029 0.02739992
0.61982110 0.64658551 0.44009377 0.02172061
0.49338675 0.46831589 0.77875249 0.02012779
0.40217300 0.26588137 0.66799541 0.02387656
0.21855919 0.78046036 0.26528912 0.03780779
0.17175940 0.89546360 0.85310389 0.02010154
0.61593531 0.19468416 0.06678800 0.02789294
0.22644080 0.12928311 0.83285439 0.02455396
0.66673827 0.15547012 0.05590305 0.02067558
0.86206016 0.82057012 0.35632764 0.02958810
0.77377966 0.77844389 0.83532130 0.01951602
0.50545255 0.67073565 0.66266323 0.02959868
0.21062216 0.92291741 0.71776302 0.02435506
0.57318745 0.91015993 0.12228815 0.02393604
0.60815016 0.24989619 0.74073303 0.02058715
0.64772799 0.15137775 0.13046070 0.02979490
0.41995857 0.13401618 0.38567220 0.03087730
0.70099937 0.41813388 0.71293851 0.03726988
0.33300651 0.59528903 0.58534657 0.02447175
0.28482752 0.73340092 0.88669197 0.03569456
0.82192997 0.37740086 0.85457380 0.02249105
0.12271720 0.93806938 0.59964354 0.01952652
0.20401840 0.63412904 0.08569306 0.02693501
0.54358859 0.66366592 0.26310307 0.02490925
0.58351501 0.26215216 0.43518443 0.03135756
0.34995084 0.61078986 0.28636983 0.03256463
0.59928129 0.25034785 0.88420135 0.03690748
0.61868220 0.69002351 0.71855672 0.02356181
0.73276437 0.86096980 0.57831515 0.02641503
0.90791304 0.32840067 0.77187321 0.01982558
0.70485179 0.55963984 0.49310756 0.01962023
0.34398251 0.27427711 0.24707345 0.02392514
0.50210737 0.13324744 0.74371928 0.03419356
0.71311842 0.51370446 0.41092542 0.02913933
0.24421086 0.60679410 0.21151998 0.02642746
0.10368232 0.87085200 0.87685193 0.03273877
0.61465860 0.32144473 0.78601985 0.02653279
0.08387281 0.09070239 0.18249717 0.02032593
0.90787054 0.15140851 0.63215599 0.02651166
0.39271947 0.42612980 0.48419943 0.03152168
0.80692718 0.77055569 0.17602309 0.03548492
0.85676619 0.74108710 0.42942105 0.02918405
0.85211927 0.07041836 0.39424674 0.03436559
0.37968162 0.57563494 0.53010315 0.02777419
0.64038183 0.91494013 0.05257097 0.02377286
0.15479146 0.53865889 0.61205099 0.03274386
0.15243069 0.54865645 0.14313469 0.03363251
0.64029376 0.77902983 0.77388057 0.02895953
0.45663212 0.41835961 0.83236868 0.03077396
0.17937318 0.88442629 0.08536953 0.01971409
0.53590867 0.60679727 0.25655269 0.02196353
0.21773078 0.75503872 0.59107684 0.03151279
0.25767772 0.47055515 0.84534229 0.03762632
0.24070330 0.15162836 0.74348445 0.01927681
0.95250300 0.39978023 0.86787817 0.02054312
0.51129684 0.56598339 0.44670213 0.02778100
0.15121387 0.18488064 0.09567072 0.02267762
0.76895185 0.76284768 0.29764549 0.03621895
0.43574163 0.81531230 0.45521693 0.02316392
0.30835492 0.16369104 0.64983131 0.02911145
0.82473876 0.17483737 0.76413296 0.03194584
0.62879502 0.24067161 0.29032523 0.03470861
0.53739970 0.47981262 0.47088475 0.02695144
0.91243959 0.59469760 0.59238971 0.02984917
0.66283250 0.09739039 0.17159853 0.02506666
0.64060881 0.20585877 0.35608266 0.02147460
0.30639305 0.73445212 0.26753130 0.02644925
0.12520040 0.82814760 0.45304923 0.02383041
0.71047591 0.76362854 0.45332589 0.02967394
0.79713447 0.07607927 0.90378796 0.02249842
0.36078560 0.74037638 0.76991142 0.02868807
0.23533361 0.11275572 0.23043684 0.02706664
0.66004160 0.71141106 0.92190673 0.03720559
0.14508314 0.30656806 0.74180614 0.02468313
0.76700658 0.51517036 0.26261610 0.03117487
0.32623305 0.08288447 0.85758974 0.03093128
0.20273878 0.33866054 0.27151248 0.02037780
0.78933701 0.81565507 0.58545640 0.02841440
0.72186908 0.25813169 0.21029407 0.02925033
0.17946305 0.81963449 0.14041545 0.01975498
0.07838859 0.65913347 0.25790527 0.02324926
0.17719597 0.39011677 0.43237602 0.02685824
0.43112644 0.14540938 0.74331278 0.02798633
0.43143116 0.29345932 0.31977173 0.02160691
0.51573875 0.22577067 0.47268832 0.03177599
0.68360267 0.25408146 0.80973893 0.02545128
0.93011148 0.17230544 0.30670284 0.02796456
0.64498143 0.30533726 0.33691491 0.03421218
0.59196260 0.69624086 0.81967411 0.02697902
0.26735519 0.87655863 0.74872315 0.03194112
0.32464900 0.84269986 0.16381558 0.02484025
0.30296975 0.79002274 0.37991674 0.03103576
0.22856328 0.48362628 0.76791782 0.03293396
0.19691001 0.63342659 0.72687538 0.02654278
0.45621904 0.86045868 0.83483784 0.02432366
0.58031114 0.78040884 0.86015610 0.03243656
0.40901332 0.29997472 0.43057444 0.02066198
0.64267817 0.49664394 0.60741592 0.02846159
0.43633308 0.06023884 0.22861939 0.03006636
0.34027401 0.63664049 0.22386562 0.02850177
0.10467716 0.38982935 0.67714999 0.02251582
0.22410789 0.45823297 0.60988779 0.02095355
0.15585160 0.60989717 0.40067083 0.03325236
0.23766576 0.52470674 0.20988026 0.03173172
0.74474274 0.40471821 0.93568602 0.02919492
0.48113202 0.72224885 0.56476399 0.02878908
0.49035330 0.22117827 0.40455156 0.02588684
0.46590583 0.29479783 0.52430831 0.01956927
0.55012399 0.31164674 0.57050953 0.01955617
0.44734762 0.64398730 0.26958579 0.03292263
0.27575033 0.88447051 0.25337191 0.03797338
0.72720574 0.87539434 0.44757463 0.02736837
0.11356087 0.40273498 0.47082641 0.02903134
0.15877651 0.70251916 0.53984113 0.03600762
0.08271742 0.18651464 0.30830122 0.03052417
0.65407911 0.83725324 0.54278157 0.01909257
0.77478720 0.23482203 0.34672820 0.02992385
0.35967365 0.10094162 0.19686790 0.03311550
0.31413917 0.42260701 0.24418730 0.02600296
0.16024751 0.91607999 0.50357923 0.02506073
0.32601448 0.51920290 0.68823355 0.03093244
0.06168099 0.29163166 0.76682108 0.02480096
0.79917956 0.53534118 0.53819578 0.02059640
0.08865649 0.83219297 0.09098544 0.03467833
0.50847074 0.84736456 0.55878165 0.02423378
0.63775212 0.53823658 0.84458543 0.02574315
0.39006434 0.64651107 0.12954903 0.02657071
0.18345479 0.67642045 0.86364036 0.02629817
0.73948574 0.30903312 0.91088997 0.02504407
0.61047563 0.88063804 0.29590396 0.03234400
0.65583595 0.73746259 0.56268630 0.03654870
0.45233928 0.55235849 0.56688128 0.01990544
0.36636733 0.45404611 0.80760887 0.03620217
0.07521628 0.61263552 0.14086144 0.02807176
0.94150250 0.60155753 0.38927414 0.01940051
0.39975142 0.45682756 0.89222011 0.01950404
0.60332692 0.64868493 0.21730135 0.02429158
0.75537260 0.14041051 0.59451462 0.02860950
0.19159819 0.29367140 0.66702001 0.03346537
0.07408065 0.30655038 0.35125157 0.01928670
0.77553203 0.08380199 0.37298879 0.02588211
0.23537299 0.72255880 0.41243238 0.02119058
0.84567963 0.17653443 0.91430407 0.02820493
0.13573515 0.24831591 0.77880528 0.01980996
0.63689829 0.20907311 0.20228478 0.02766158
0.59983105 0.54191645 0.40090199 0.02683330
0.69252719 0.12639755 0.83206871 0.02092699
0.68289862 0.48808867 0.67473492 0.03540552
0.35979220 0.37793379 0.55989243 0.02503853
0.64548067 0.22865608 0.42402885 0.01979206
0.36483922 0.39571239 0.21435739 0.02756696
0.54656135 0.58708518 0.17797331 0.02029447
0.30730046 0.79835586 0.18736669 0.02338789
0.56061329 0.36071525 0.36711739 0.02949064
0.16760154 0.37770858 0.25719892 0.02774825
0.86871061 0.19137721 0.27357785 0.03236741
0.69564988 0.92581026 0.88865213 0.02205452
0.82814718 0.21752273 0.09763601 0.02258062
0.14444595 0.40135394 0.31002961 0.02420444
0.36478806 0.88157555 0.75836000 0.02875271
0.17488204 0.56587509 0.24971779 0.03535922
0.30052544 0.13831948 0.15861561 0.02663978
0.90511222 0.23705621 0.72222243 0.02504095
0.72853294 0.70434359 0.36817612 0.02777960
0.08730661 0.71661491 0.29289441 0.01908104
0.22520069 0.80972751 0.50301383 0.02814823
0.36384897 0.30550192 0.12725376 0.02426861
0.70692503 0.21701852 0.42371491 0.03291485
0.42867654 0.63552847 0.87311608 0.03542391
0.59901856 0.19480252 0.48808502 0.02512497
0.80096391 0.78790848 0.07093058 0.03497725
0.95021252 0.15746821 0.49107412 0.02407377
0.16744303 0.64296531 0.48950747 0.03401050
0.84208557 0.21222947 0.62563181 0.02269151
0.22805639 0.85401954 0.39744401 0.03518714
0.34649617 0.17000045 0.39655946 0.02909175
0.07832837 0.29679559 0.21166346 0.02308455
0.89230953 0.48124536 0.62771692 0.02567024
0.77294671 0.40846367 0.45406974 0.03299630
0.25401702 0.69526931 0.72365411 0.02239935
0.78868619 0.50300809 0.09317970 0.01967188
0.41631902 0.87620326 0.41418399 0.03591580
0.26871882 0.36402795 0.72767568 0.02045981
0.06872662 0.68667610 0.93458403 0.02095994
0.73308290 0.65447589 0.76018063 0.03391814
0.28597999 0.67771236 0.83377270 0.01976034
0.87802754 0.73958048 0.50925047 0.02161932
0.14071885 0.33800760 0.16107969 0.02761793
0.32781203 0.39883271 0.31761032 0.02394757
0.08873482 0.34794960 0.71698060 0.03191156
0.84563869 0.26311686 0.73330140 0.02261640
0.05877667 0.56790052 0.32702867 0.02442988
0.89272340 0.85240987 0.58690617 0.01934889
0.20409974 0.22083173 0.46710251 0.02470326
0.51031989 0.94304533 0.16989934 0.02868761
0.75897512 0.57483226 0.46715008 0.03336723
0.26841526 0.07979195 0.70924255 0.03138754
0.38928807 0.60116542 0.64118473 0.02520904
0.79445443 0.39180894 0.61898458 0.02285508
0.55658483 0.37677182 0.60390948 0.03736182
0.45754318 0.70707056 0.87845299 0.02853407
0.78803696 0.12956903 0.15152521 0.02915360
0.42228823 0.25081565 0.04622475 0.01971778
0.89977759 0.40374100 0.32339565 0.03202861
0.43766634 0.23613440 0.62881084 0.01911800
0.16322385 0.13086121 0.85896107 0.03248220
0.52992583 0.91501309 0.73208368 0.02639554
0.12793935 0.53236290 0.35277998 0.02518527
0.74680431 0.39524367 0.56491689 0.01941202
0.55816018 0.32909648 0.83388587 0.03114001
0.74211062 0.56425687 0.18700352 0.03778762
0.24527892 0.27797037 0.15587436 0.03060202
0.49770583 0.49083649 0.94555832 0.02484418
0.44462971 0.91199651 0.25071626 0.03764106
0.45855867 0.91615945 0.79918788 0.02928130
0.44542140 0.20073119 0.52625729 0.02306879
0.64837742 0.64578452 0.07272091 0.03708973
0.79635881 0.19893765 0.56496934 0.03677311
0.11599635 0.15341132 0.67724458 0.03493995
0.78513382 0.05982130 0.19953992 0.02388708
0.46881246 0.73396332 0.49543586 0.03754153
0.25647463 0.15438804 0.92399208 0.03163688
0.42661223 0.31662093 0.06294040 0.02235042
0.25850369 0.90979685 0.55806114 0.02505429
0.21338714 0.74143754 0.68932694 0.02102757
0.22895492 0.90596985 0.63327480 0.03770702
0.08118222 0.93245577 0.33947420 0.03208255
0.78083008 0.93071611 0.71623380 0.01945417
0.10224612 0.57676466 0.35034576 0.01905198
0.42746120 0.63131475 0.59450827 0.02476598
0.39814398 0.16242969 0.53029471 0.02699754
0.72983167 0.65772983 0.11388654 0.02342423
0.74470376 0.26252315 0.09056460 0.03779603
0.36858479 0.54150767 0.64248689 0.02808906
0.86919455 0.49595970 0.83442968 0.02569095
0.06460500 0.42511527 0.07607578 0.03039457
0.48348411 0.56782439 0.26509349 0.02496570
0.40655198 0.50585357 0.22962203 0.02960744
0.73032377 0.34613520 0.63048910 0.02197828
0.85519317 0.83843745 0.44942458 0.02974366
0.61937970 0.62357323 0.67376755 0.02288997
0.74745727 0.60971776 0.58841597 0.03624199
0.63664705 0.78391913 0.88125712 0.02304242
0.36500259 0.53366506 0.06035015 0.02863168
0.55391769 0.08284091 0.77900842 0.03565703
0.07486288 0.46588424 0.91725268 0.02157173
0.10582248 0.84475496 0.79161419 0.02077867
0.47170845 0.43625742 0.41302794 0.03457942
0.22423140 0.73974704 0.93195868 0.02323441
0.27138926 0.76613050 0.69953473 0.01930229
0.54948378 0.57715295 0.69957108 0.02367362
0.41503065 0.32855439 0.26631250 0.02780980
0.49936891 0.39058333 0.77394752 0.03761505
0.52815046 0.78427281 0.38783662 0.02112466
0.72422838 0.14104735 0.37535416 0.02746972
0.05031025 0.26173730 0.65634828 0.02400169
0.31035515 0.29887041 0.06107005 0.03347025
0.93416780 0.67300773 0.29086567 0.02367290
0.14571258 0.77676129 0.30543949 0.03587162
0.69517428 0.74598758 0.31766641 0.03025346
0.31140498 0.94220264 0.77908998 0.03054015
0.61893734 0.47447609 0.69507553 0.02624258
0.86998282 0.29385277 0.36763682 0.02702040
0.21206030 0.16748935 0.66640260 0.02131984
0.59439828 0.23070112 0.78684397 0.02306619
0.73540471 0.69157386 0.55201444 0.02248359
0.11096131 0.78775981 0.92346071 0.03676587
0.85130111 0.31113597 0.76929803 0.02407818
0.42821696 0.49715288 0.56807379 0.03395732
0.65712647 0.29613756 0.14625253 0.02272687
0.35058939 0.46822737 0.26068493 0.02395712
0.23925352 0.14800153 0.40695643 0.02412322
0.64103957 0.90828765 0.73202579 0.02065807
0.06531766 0.35032721 0.94679079 0.02122094
0.23839304 0.93042979 0.11072384 0.02598528
0.32765619 0.86931016 0.69242684 0.02348833
0.19781170 0.84271926 0.76461451 0.02404207
0.84499491 0.57998602 0.46137775 0.01972936
0.40979928 0.48138653 0.31409738 0.03198911
0.44616901 0.04909665 0.60278768 0.01925708
0.69229904 0.19235351 0.79700222 0.02248382
0.83344229 0.17005371 0.49907068 0.02831513
0.92385035 0.65271126 0.22078715 0.03375566
0.27410777 0.50516943 0.53680653 0.01918177
0.31414747 0.23314609 0.76922919 0.02605456
0.21078576 0.40838483 0.48676333 0.02676356
0.74564150 0.15735387 0.80720875 0.03586419
0.69968023 0.56603570 0.12532564 0.02108237
0.94857668 0.78635536 0.08683200 0.02323608
0.29030113 0.06026713 0.26351577 0.03406487
0.62445796 0.12023871 0.27270476 0.03205180
0.70589842 0.20863116 0.32333659 0.03554591
0.79025337 0.23371947 0.14582788 0.02969172
0.73760569 0.88834734 0.34213465 0.02143111
0.33181322 0.11075098 0.45946088 0.03534167
0.51714193 0.53430219 0.31424574 0.02293509
0.90343769 0.83161918 0.72419298 0.03158131
0.17335297 0.24813601 0.23425882 0.02323065
0.64493418 0.52437220 0.10562665 0.02979133
0.91950697 0.67535527 0.38316898 0.02590009
0.29214788 0.12611405 0.52483634 0.03176090
0.48349105 0.86170006 0.63653044 0.02450561
0.14913290 0.48204060 0.41554568 0.03274306
0.75151032 0.39493222 0.81126086 0.03256007
0.08025063 0.58539504 0.55704316 0.02702232
0.84611116 0.84508127 0.80250759 0.02458305
0.10715316 0.37767390 0.36836999 0.02648368
0.84101974 0.90625131 0.34927337 0.03544687
0.72361409 0.17923432 0.14507188 0.02306794
0.81698178 0.91460429 0.92981243 0.02581612
0.72801971 0.83867748 0.38246947 0.03251491
0.53094242 0.63133638 0.85168120 0.02930835
0.79538979 0.69050422 0.41043829 0.02186463
0.83986339 0.62576587 0.94911500 0.02225627
0.83996850 0.06652456 0.79115720 0.03601105
0.55956266 0.62749608 0.74299496 0.02076349
0.26153056 0.72231734 0.20368406 0.03081931
0.55563417 0.09586320 0.92791686 0.03292118
0.19833067 0.05447308 0.18063771 0.01941786
0.29981051 0.72756154 0.34044185 0.02667379
0.66415186 0.92876798 0.69019731 0.02028765
0.80307833 0.83660392 0.14298698 0.03037219
0.18685174 0.74585511 0.44944778 0.02049236
0.64900794 0.82534256 0.23157649 0.03216879
0.55936898 0.42489388 0.11159652 0.03413733
0.33243516 0.29184589 0.47788921 0.01912458
0.87364923 0.82674152 0.62481154 0.02483205
0.55237410 0.39335539 0.46032522 0.02607726
0.15141101 0.91630423 0.68009387 0.03407699
0.09108258 0.13670977 0.23030615 0.02380864
0.34716718 0.44093676 0.70703208 0.03258081
0.26427633 0.31743846 0.30961780 0.03046814
0.37607548 0.44572313 0.08744869 0.02529047
0.55046728 0.62462404 0.09915419 0.03118254
0.50973792 0.06114905 0.45079063 0.02306793
0.15529267 0.36346589 0.65985247 0.02328247
0.20509583 0.56869753 0.47885731 0.01977287
0.64215400 0.74098681 0.24955454 0.03200625
0.08959058 0.46727214 0.63962612 0.02200580
0.80696613 0.19857517 0.85140042 0.02285814
0.70277553 0.78288105 0.06646450 0.03448686
0.35711118 0.71115658 0.93256455 0.02232166
0.46400011 0.76585311 0.30274676 0.02635281
0.51940045 0.93680437 0.40990553 0.02057057
0.74899265 0.60414451 0.05628509 0.02388663
0.49032990 0.32898217 0.64405239 0.03773790
0.71000384 0.91117430 0.07267181 0.02787724
0.88584464 0.92685165 0.88468979 0.03481710
0.84974034 0.18548765 0.37362564 0.02145578
0.38456671 0.57556206 0.16790148 0.02049182
0.33120431 0.11640584 0.77740960 0.02361677
0.15834062 0.29712725 0.09077959 0.02075619
0.47739184 0.89473424 0.44030629 0.02175779
0.36801953 0.93337770 0.37014141 0.03304300
0.81457775 0.58531691 0.08749685 0.03759688
0.07204331 0.73703156 0.53218126 0.02206778
0.42368127 0.57980182 0.41615231 0.02999395
0.49133101 0.22619922 0.66264034 0.02466949
0.33226952 0.79808156 0.81273983 0.03092509
0.37926285 0.06656416 0.54454051 0.02606307
0.07962971 0.93659003 0.64326185 0.02196269
0.10799723 0.09434240 0.77323024 0.02635289
0.30258117 0.56453316 0.35940621 0.02855270
0.53849873 0.10357565 0.53439869 0.02251868
0.72353150 0.35699589 0.47329769 0.03205439
0.25708303 0.09638543 0.16704231 0.02936367
0.21686050 0.57637382 0.08200854 0.02652400
0.62653701 0.14472770 0.54501628 0.03598558
0.23777817 0.17182130 0.51330382 0.03171967
0.51670207 0.80271876 0.63065822 0.02316199
0.21005648 0.87511100 0.22190400 0.02637870
0.90321034 0.48033704 0.77728635 0.03294573
0.78033988 0.73405551 0.91105611 0.02713617
0.73938563 0.87858725 0.77905415 0.02539540
0.89420279 0.31594087 0.44736898 0.03447241
0.36417755 0.67202378 0.88175038 0.02287329
0.70563293 0.85131491 0.05937908 0.02804706
0.89471559 0.21588849 0.48459967 0.02696738
0.33390402 0.26515670 0.37587639 0.03419027
0.55139650 0.64571603 0.41539533 0.03323960
0.52842616 0.84639871 0.71030100 0.03545566
0.15295984 0.70246524 0.92507923 0.02670159
0.75916083 0.53349125 0.92631165 0.03007431
0.07032374 0.45389913 0.23095387 0.02679992
0.41097761 0.11663436 0.47084304 0.02737019
0.77103996 0.76666506 0.77008104 0.02292373
0.60151072 0.63686551 0.15869221 0.02501925
0.53655613 0.33321701 0.15681040 0.02328650
0.89529428 0.22385154 0.63572598 0.02176473
0.51180177 0.04699467 0.68892209 0.02059222
0.91759267 0.64395420 0.49489763 0.03304213
0.74739953 0.13412457 0.50943085 0.03171287
0.63556336 0.33265439 0.63015729 0.02096981
0.88472744 0.57117710 0.09688232 0.02730535
0.80961100 0.78703814 0.35877948 0.02282238
0.10659231 0.21249621 0.71122496 0.02666883
0.37225393 0.14986744 0.84151722 0.02098241
0.27759463 0.42923676 0.64974394 0.02139851
0.36481986 0.94494333 0.59377875 0.02467978
0.94079877 0.49611028 0.39684932 0.02925513
0.60671223 0.41981691 0.65723021 0.03059643
0.33397737 0.52852779 0.47475024 0.02958802
0.86093481 0.32499082 0.89334843 0.03206151
0.56270631 0.53970446 0.87209810 0.02825150
0.45564220 0.25657705 0.77486470 0.02904528
0.73371645 0.08620185 0.92662314 0.03189635
0.08302059 0.20952904 0.92977616 0.01927632
0.31714349 0.05755604 0.93894876 0.02389941
0.60915856 0.57378054 0.54144273 0.02004637
0.80420953 0.37343449 0.08208002 0.02302108
0.27537784 0.80461640 0.09149987 0.03432664
0.33810455 0.81120646 0.52681954 0.02955908
0.30387185 0.07518690 0.11869248 0.03592710
0.90821348 0.73759526 0.92238070 0.03230012
0.66868688 0.53171803 0.22046794 0.02182305
0.89887129 0.55335151 0.66900801 0.02126981
0.39983011 0.10229844 0.65953737 0.03703018
0.21065044 0.66274536 0.93748161 0.03459934
0.69815314 0.33272274 0.20016430 0.03390283
0.08708827 0.32265713 0.27278539 0.02657179
0.46857015 0.93936041 0.91275144 0.02782574
0.25374135 0.64677238 0.42058505 0.02346654
0.23790682 0.55751993 0.32921373 0.02784267
0.15429617 0.89158779 0.26225534 0.02654638
0.50906528 0.45931091 0.11445275 0.02190352
0.18382000 0.42068361 0.61225777 0.02629704
0.35031352 0.57016635 0.82392915 0.02861718
0.79468758 0.75636578 0.46027957 0.03451004
0.93224238 0.89595495 0.73420706 0.02901698
0.53593530 0.77200978 0.30071714 0.02774497
0.77197933 0.07652838 0.50560915 0.02351700
0.90669605 0.19200859 0.40731578 0.03368482
0.80456395 0.12436607 0.82233571 0.02209206
0.07148085 0.85481518 0.29238448 0.02878843
0.62166166 0.05542098 0.15507369 0.02837409
0.61007206 0.78542733 0.42393179 0.02786429
0.50902506 0.75077845 0.22182974 0.02981106
0.62829312 0.46433887 0.55151831 0.02995341
0.14113190 0.62172397 0.15936856 0.03254380
0.23745651 0.65499550 0.78396401 0.03441783
0.49435921 0.51275192 0.89315944 0.02687333
0.56504425 0.49069153 0.35803378 0.01998136
0.73844275 0.53545099 0.09436950 0.03172842
0.06748768 0.34467434 0.47118998 0.02346654
0.67751405 0.32881335 0.55443199 0.01933093
0.21792866 0.27838818 0.56994432 0.03052933
0.62947740 0.88953928 0.61327612 0.03605704
0.65170657 0.94257088 0.19883946 0.02966393
0.46555344 0.58571592 0.64514443 0.02737410
0.19670645 0.60963607 0.33938059 0.03019112
0.24180473 0.33118408 0.90899630 0.02148397
0.82009354 0.46672524 0.47000244 0.03782458
0.07529785 0.24263579 0.09320699 0.02105667
0.44572718 0.80015748 0.35464761 0.02963469
0.89702078 0.46965728 0.07435938 0.02337440
0.55045672 0.23739317 0.18061343 0.02050929
0.72111453 0.90565449 0.16516745 0.02271512
0.43519921 0.53073190 0.67368992 0.01913663
0.64695890 0.49875816 0.46911458 0.03664935
0.57108273 0.91358374 0.67380881 0.02280059
0.37544014 0.62183369 0.56103554 0.01951940
0.89558623 0.40378385 0.70778632 0.02130534
0.21922547 0.80677958 0.92649298 0.03743870
0.07430601 0.40440952 0.82157012 0.03433008
0.58524897 0.64613819 0.58065265 0.03019603
0.27352696 0.75863628 0.53893904 0.03290039
0.23662908 0.33056389 0.12333418 0.02672324
0.33449077 0.36209740 0.80578302 0.03562178
0.14856994 0.47513495 0.79781211 0.03538672
0.48244710 0.38851227 0.91670929 0.01906752
0.81083765 0.41321437 0.93855140 0.02131286
0.43757621 0.71696194 0.19146715 0.02619009
0.90951918 0.89347209 0.44087072 0.02406960
0.72041518 0.58582766 0.28454631 0.02718920
0.48513500 0.82686199 0.76861929 0.02341524
0.94510139 0.07535566 0.40292289 0.02229670
0.91768020 0.18447520 0.87386216 0.03333362
0.67173421 0.10710103 0.61715493 0.02802392
0.36346372 0.15817549 0.30741902 0.02219237
0.46682708 0.63536664 0.40442429 0.02145285
0.57489026 0.52253239 0.64245437 0.03298849
0.46953542 0.15425576 0.08451924 0.03749798
0.38002204 0.25723448 0.59803268 0.03224348
0.49715904 0.46711087 0.29310930 0.02357752
0.12970159 0.36128282 0.52746288 0.03162118
0.59866874 0.60527077 0.81312131 0.03676858
0.10939704 0.71519673 0.80842919 0.02629101
0.05685724 0.68086701 0.76181245 0.02737275
0.47965078 0.09480819 0.25449715 0.02543130
0.53454214 0.12152402 0.30638159 0.02510787
0.51024899 0.63746754 0.60394043 0.02285445
0.21027037 0.49751501 0.06523883 0.02153910
0.94294500 0.09272730 0.77848227 0.02933079
0.08228324 0.11186422 0.84038883 0.01914874
0.93672469 0.30895828 0.15008898 0.02743652
0.58113611 0.77744492 0.94707243 0.01919997
0.91062973 0.91998033 0.34508074 0.02319025
0.41813498 0.70639478 0.58119990 0.02291028
0.15900349 0.74057393 0.06634389 0.02337785
0.17228825 0.68984059 0.11208669 0.02390006
0.54764925 0.15241460 0.46540503 0.03590787
0.43040515 0.69366635 0.67774772 0.02169772
0.36426303 0.11957621 0.12979692 0.02561484
0.60816960 0.52025122 0.72779783 0.02154363
0.39422172 0.73457238 0.34719913 0.02488231
0.08760639 0.16830596 0.47230308 0.02021219
0.69546209 0.47661849 0.25872391 0.02361476
0.69348163 0.09943159 0.06324291 0.02639520
0.36864973 0.89342244 0.62987797 0.02206459
0.41284352 0.85400445 0.92267004 0.02795030
0.38676826 0.68266061 0.28520482 0.02730953
0.54440072 0.58693613 0.30650200 0.01981502
0.82569033 0.60709634 0.62555204 0.02576935
0.57288758 0.21700644 0.70663708 0.03280532
0.26818202 0.55841654 0.63759402 0.02755829
0.41512112 0.36725153 0.17557870 0.03224057
0.15379591 0.44924364 0.70916718 0.01937834
0.24700750 0.07375697 0.80297814 0.02002011
0.89155001 0.19775574 0.08406723 0.02433553
0.48453416 0.39427338 0.34456481 0.02519350
0.06630904 0.82577410 0.17583461 0.02083458
0.13347758 0.09606067 0.49432007 0.03498630
0.90435444 0.07678760 0.60053574 0.02865300
0.79229117 0.66558144 0.14918082 0.02684067
0.19034957 0.15635999 0.25573908 0.02165800
0.83808222 0.67976376 0.79403970 0.03460129
0.76126811 0.87458458 0.08502123 0.02487243
0.87959484 0.90006451 0.65819030 0.03519237
0.72635191 0.40321883 0.29914477 0.01939454
0.68557506 0.45042089 0.92761194 0.01914001
0.27030062 0.94979041 0.42829420 0.02205052
0.27318762 0.41968387 0.42757723 0.02037299
0.75397544 0.47301103 0.83914753 0.03344596
0.36896295 0.37277323 0.69149779 0.02050372
0.59391767 0.06524441 0.31142384 0.02868282
0.39625360 0.73551739 0.29637886 0.01998527
0.92326901 0.09735281 0.66486860 0.02139794
0.89812172 0.25076648 0.53918242 0.03056681
0.22216112 0.67305378 0.64531541 0.02613452
0.83199172 0.16038174 0.20190718 0.02524073
0.46097530 0.57547995 0.33839600 0.02252267
0.63816792 0.66808646 0.48405603 0.02526964
0.80075633 0.32755275 0.82589487 0.02641939
0.92382096 0.45377312 0.70807400 0.02192506
0.69502632 0.30344861 0.43045050 0.03279838
0.84980592 0.74050778 0.21074862 0.02195232
0.75091841 0.08508707 0.83029551 0.03334699
0.19661501 0.42898395 0.80643891 0.02566473
0.11121071 0.31512325 0.82580882 0.02189235
0.24120715 0.36043036 0.63475613 0.01974068
0.15730328 0.65000832 0.25051381 0.03186642
0.32587105 0.67009542 0.80624233 0.02201739
0.41117262 0.05058220 0.41012440 0.02236359
0.50920369 0.44897368 0.17895169 0.03447655
0.40547526 0.21466346 0.90334552 0.02046808
0.91196979 0.55170619 0.54795589 0.01960605
0.55716280 0.41705041 0.54702363 0.02032144
0.11839548 0.42013461 0.58778121 0.02314389
0.83399462 0.37048116 0.67868795 0.03289169
0.79025895 0.33478414 0.24692936 0.01992371
0.21614585 0.33623511 0.42610468 0.02718291
0.55019710 0.19379560 0.80065113 0.02136013
0.16954484 0.34986039 0.34566535 0.02964465
0.71148699 0.58964269 0.71224226 0.02840168
0.50096339 0.24568813 0.14192019 0.02396335
0.12801557 0.06785777 0.32550056 0.01908435
0.42158311 0.93839033 0.53008768 0.03236386
0.71992391 0.77831840 0.52100538 0.02093178
0.11280561 0.55777698 0.28076625 0.02721809
0.67970783 0.88474237 0.36240005 0.02934002
0.60274390 0.46851853 0.90790328 0.02656917
0.64719512 0.15891462 0.46238032 0.02074663
0.63472716 0.41669199 0.09699152 0.03266532
0.55056075 0.05557226 0.41177527 0.02483062
0.75866229 0.25166335 0.48404286 0.02658012
0.58207293 0.55074029 0.34057142 0.02398927
0.61644915 0.37508616 0.45182396 0.02365128
0.49194067 0.26337710 0.58617599 0.02817374
0.19216429 0.23274016 0.54383615 0.01970201
0.52875968 0.94236318 0.10020278 0.02261231
0.79434188 0.22178733 0.94920930 0.02122247
0.54219825 0.12710070 0.09944465 0.02795682
0.91416219 0.73205818 0.21917524 0.03127902
0.79469448 0.44366399 0.06652018 0.03233708
0.23791253 0.22937729 0.07312112 0.03277996
0.23231620 0.85144948 0.58776327 0.02783005
0.80678871 0.43315701 0.75618878 0.02174424
0.27847795 0.21012009 0.71138397 0.03024099
0.05950377 0.32218269 0.16270553 0.02077674
0.50210222 0.55533420 0.93300851 0.02388381
0.92953138 0.90141957 0.28468359 0.03003363
0.54103115 0.17997775 0.74764705 0.01999038
0.34880435 0.53297758 0.27948365 0.03102101
0.66630747 0.32792294 0.48702413 0.02470295
0.18451032 0.26388862 0.29430035 0.02773493
0.31616077 0.32027117 0.63703022 0.02671726
0.64779364 0.81384433 0.31424287 0.03402126
0.16137783 0.57957449 0.85515381 0.02133848
0.48501432 0.84965526 0.91484699 0.02075697
0.73687787 0.24716585 0.67825024 0.02158149
0.09547870 0.21992081 0.55914556 0.03342732
0.76529948 0.44488900 0.68605190 0.01987482
0.66695160 0.53828636 0.53276074 0.03274118
0.76348835 0.80587224 0.22766973 0.03438412
0.65586186 0.66440365 0.78680289 0.02810775
0.60108945 0.10716672 0.73687263 0.02656122
0.32904927 0.65589581 0.07687907 0.02421430
0.51899786 0.48114542 0.69525019 0.03144850
0.13746946 0.55758466 0.43431583 0.01961173
0.95058929 0.53849205 0.05671747 0.02268774
0.84317351 0.64054607 0.12530774 0.02667117
0.05405291 0.93677353 0.09027821 0.02155561
0.46142346 0.09586554 0.30871249 0.02100218
0.21651963 0.14111230 0.11050221 0.02278607
0.67201343 0.29813866 0.87951445 0.03094905
0.62394143 0.88219594 0.93141537 0.02555976
0.37514229 0.88427851 0.81319858 0.02092000
0.29783347 0.31824899 0.12285863 0.02390428
0.20377459 0.75520815 0.88243053 0.01952369
0.32201514 0.61606872 0.73855814 0.03271017
0.55798645 0.83604135 0.77747323 0.02346960
0.88434844 0.19570460 0.58061252 0.02894795
0.07736895 0.54453194 0.68574156 0.02516417
0.52434557 0.14853109 0.66472417 0.02847152
0.59868365 0.56614024 0.27880183 0.03515299
0.10592499 0.59715486 0.70797740 0.02153664
0.91065569 0.44374675 0.36898135 0.01913693
0.58607237 0.78773334 0.75032305 0.02576834
0.16990170 0.77632850 0.69298040 0.02686460
0.17668054 0.22799647 0.05491353 0.02270076
0.52086366 0.68062015 0.19406534 0.03573796
0.84945146 0.19581680 0.15905918 0.02729237
0.44077698 0.48226323 0.13511849 0.03251772
0.68089932 0.16736460 0.24315234 0.03326243
0.80907316 0.74135850 0.52917413 0.02549372
0.50864031 0.43749625 0.91493161 0.02232484
0.82234000 0.89318257 0.63470946 0.02136929
0.15391972 0.45580143 0.85958826 0.02011147
0.77538297 0.17851151 0.21375619 0.02741419
0.30331468 0.18925495 0.33269450 0.02634396
0.48458985 0.30829067 0.43085826 0.03770321
0.46876800 0.09912806 0.93058733 0.02632593
0.33149926 0.72370567 0.83351054 0.02111429
0.31387919 0.05306694 0.35968427 0.02243592
0.08019561 0.08725215 0.38958595 0.03473969
0.40681036 0.80694567 0.28084177 0.02960593
0.11822925 0.13547934 0.44870352 0.02113146
0.40595106 0.70575919 0.77999044 0.02273952
0.30694532 0.88690673 0.60371064 0.03053228
0.13960602 0.11265552 0.93249539 0.03003553
0.17771312 0.06690368 0.83363503 0.02439280
0.20297505 0.38488110 0.21289798 0.02230116
0.57032610 0.80048383 0.57892431 0.02737918
0.68421369 0.58999931 0.80063953 0.03633770
0.58039129 0.93630038 0.18312259 0.01991672
0.91143402 0.77690936 0.43497850 0.02103603
0.53703588 0.51563219 0.18447395 0.02838990
0.37558694 0.24505301 0.08452902 0.02582755
0.70148360 0.07444843 0.55696265 0.02441314
0.32985682 0.76856851 0.72793811 0.02369472
0.74140614 0.93305122 0.80866767 0.02980479
0.39761618 0.44235889 0.60031152 0.03152858
0.44362961 0.57049571 0.91438373 0.03440203
0.30527168 0.80547466 0.91563372 0.02465513
0.62532408 0.85476309 0.35703313 0.02286863
0.86154931 0.92069296 0.81794742 0.02990763
0.51152301 0.47041442 0.05202178 0.02166872
0.11565255 0.58335209 0.93487112 0.03768708
0.53756668 0.79105239 0.90518243 0.02330613
0.85723985 0.87061546 0.72038715 0.02357469
0.54289983 0.17514818 0.56748051 0.02611097
0.57417668 0.87342931 0.52941441 0.02993666
0.41642754 0.26550471 0.53239738 0.02881588
0.54652008 0.49506496 0.57888422 0.02293413
0.21889088 0.05687337 0.64191747 0.02374916
0.69141674 0.80994385 0.93442584 0.02038408
0.25598312 0.25900887 0.49425816 0.03072619
0.91715426 0.77222644 0.56208466 0.03342724
0.22208463 0.61323796 0.52423890 0.01978260
0.40563321 0.27197568 0.94842291 0.02451488
0.23078639 0.49868982 0.26878522 0.02660640
0.31960401 0.69045547 0.50857190 0.02406895
0.61033937 0.68507584 0.64532870 0.02610469
0.75566246 0.11292396 0.75996573 0.02331136
0.25519152 0.30482125 0.65237853 0.02089730
0.24292157 0.44919123 0.23667327 0.02609675
0.33711470 0.16839010 0.07815785 0.02086038
0.93409822 0.55897182 0.30442032 0.01991148
0.34892178 0.19832524 0.51175140 0.02359130
0.26586175 0.50082346 0.47013222 0.02263125
0.09213579 0.81835972 0.73808545 0.02404155
0.68203718 0.26468443 0.37218082 0.01908551
0.47368137 0.92096635 0.49897812 0.02385805
0.11557787 0.48852489 0.06721346 0.02759471
0.10901428 0.65977338 0.74184767 0.02376852
0.71713955 0.74761904 0.14647745 0.02126623
0.92596482 0.38306165 0.09116897 0.03370635
0.50362708 0.35771862 0.21186025 0.02376576
0.73885927 0.38393297 0.38376663 0.03001107
0.28896916 0.87193401 0.81198974 0.02938596
0.83283884 0.91526335 0.58040015 0.03141855
0.54299975 0.31983497 0.49235078 0.03762250
0.58932646 0.48271901 0.30904100 0.02669664
0.77079850 0.12647606 0.43227694 0.03087857
0.07038409 0.71468246 0.42979234 0.03151557
0.81624599 0.45240902 0.26473541 0.02930216
0.53259061 0.44483127 0.84053554 0.02011816
0.60991013 0.07573457 0.06469364 0.01993648
0.38015402 0.39261685 0.74244108 0.02042898
0.14765915 0.27209581 0.53401458 0.02392114
0.11977316 0.50753284 0.49970007 0.03688748
0.78750444 0.37573291 0.34319155 0.02537934
0.94370277 0.35344178 0.32065838 0.02211455
0.28716803 0.58881634 0.82366783 0.02244776
0.89441113 0.50662695 0.91519374 0.03009739
0.27627331 0.45362805 0.16488848 0.02591881
0.71314260 0.06445948 0.69558960 0.03066452
0.82175694 0.85047192 0.85284933 0.02007387
0.20286649 0.18296898 0.86927736 0.02402716
0.73708827 0.83683573 0.49930038 0.02408702
0.07040092 0.76336992 0.09842780 0.03036598
0.46187455 0.73922219 0.83067442 0.02031909
0.89581256 0.09977961 0.83041030 0.03245062
0.29795424 0.50062627 0.76088261 0.03241460
0.44788161 0.50080743 0.93175243 0.01974736
0.06833309 0.69014075 0.07395656 0.02015458
0.90365626 0.13818243 0.57481850 0.02000674
0.06240621 0.18284124 0.64753456 0.02267012
0.64920330 0.24103236 0.67738141 0.02955798
0.15765537 0.17247329 0.30501548 0.03212354
0.81230023 0.59583096 0.51825428 0.02640978
0.47038758 0.30065755 0.15028765 0.03072910
0.39371983 0.17227455 0.87749247 0.01915378
0.86218457 0.88115749 0.07534113 0.02514370
0.28986124 0.46569428 0.35047027 0.03038643
0.92614860 0.36087344 0.21474989 0.01902604
0.37748447 0.25264171 0.28498240 0.02633390
0.88025917 0.80177509 0.67232146 0.02420792
0.83384912 0.75809641 0.88648686 0.02448881
0.66818748 0.80395935 0.82465520 0.02403190
0.38564910 0.29977919 0.31782476 0.01917408
0.77666996 0.40294337 0.27120446 0.01931602
0.77981945 0.70496655 0.09279497 0.03422000
0.68869348 0.66797136 0.29708020 0.01954487
0.23305878 0.80271233 0.17227317 0.03109562
0.92007414 0.11798426 0.71582522 0.02845444
0.91522631 0.14138273 0.05565287 0.02110655
0.37894109 0.35894090 0.45564296 0.03491635
0.18669645 0.30499783 0.19016104 0.01964575
0.81296066 0.83287664 0.64888312 0.02313914
0.06663469 0.71329089 0.62187382 0.01953388
0.58263861 0.76557129 0.26885051 0.02046423
0.15027330 0.71470808 0.30476575 0.02124952
0.13535652 0.89104526 0.40714244 0.03066658
0.37432137 0.06992703 0.72718123 0.02664570
0.38582607 0.07274965 0.91909206 0.02849908
0.45066019 0.33998947 0.70972880 0.02191368
0.55172496 0.56703560 0.50845659 0.03761786
0.21484809 0.12514390 0.59772694 0.02035989
0.07265348 0.28506421 0.85850611 0.03044933
0.74710585 0.62522006 0.22831012 0.02580069
0.93725949 0.83446803 0.36784205 0.03541425
0.05077111 0.24297262 0.36787480 0.02375218
0.83532252 0.62725609 0.46182784 0.02139348
0.61571887 0.89442406 0.87067293 0.02293521
0.24934327 0.92174729 0.35341434 0.02858990
0.05813673 0.54131203 0.88330520 0.03050277
0.13002556 0.60358418 0.61576600 0.02807864
0.37046907 0.74270732 0.06825145 0.03334319
0.17666174 0.09429678 0.26859339 0.02182312
0.46305496 0.62065382 0.05161771 0.02592726
0.82142131 0.27684714 0.18545581 0.02870927
0.44922948 0.76754698 0.05149413 0.02191155
0.07635525 0.84743063 0.40171337 0.03662648
0.90364348 0.36386801 0.56817980 0.02734016
0.71419084 0.16568378 0.67927354 0.02802587
0.14472169 0.45855699 0.17301681 0.03310524
0.20112410 0.39583841 0.15450789 0.03015163
0.24517129 0.12141548 0.87942967 0.01997898
0.28349288 0.84961605 0.52071340 0.03061083
0.75661042 0.80077521 0.42433975 0.02347637
0.67492039 0.37407198 0.91958151 0.02508629
0.70571771 0.95379984 0.58926971 0.02020011
0.83849054 0.81256941 0.92798087 0.01943735
0.50360388 0.32234686 0.73731691 0.02898684
0.09040919 0.79147008 0.84484542 0.03475465
0.62917128 0.18960390 0.94949462 0.02346597
0.27520709 0.60149847 0.56029807 0.02487131
0.08902807 0.90955203 0.71448862 0.02677527
0.11173519 0.34767187 0.09067006 0.03410284
0.73751379 0.62206045 0.39313630 0.02050857
0.90813427 0.29173538 0.82710950 0.03205493
0.87340762 0.76083545 0.05951083 0.02501946
0.91927916 0.67433025 0.80661018 0.02459047
0.82332194 0.09147251 0.30710473 0.03499475
0.76090623 0.78604121 0.94843802 0.02479021
0.47373163 0.84017484 0.23823912 0.02793522
0.36046086 0.82949068 0.07722079 0.02996762
0.47093284 0.73407599 0.76931851 0.01909232
0.51507079 0.08139856 0.05018416 0.02003961
0.07319478 0.89374339 0.14793934 0.02783119
0.07493386 0.87952726 0.48085468 0.03241733
0.26237955 0.54165622 0.06997949 0.01966720
0.55829419 0.83819612 0.07285287 0.02426520
0.58178289 0.13788534 0.32713972 0.02386922
0.40893279 0.83687473 0.17913719 0.03150600
0.59091848 0.64305521 0.92951681 0.02675745
0.28033391 0.70063927 0.59626547 0.03083424
0.05845522 0.24852999 0.70750792 0.02338329
0.70824219 0.36640138 0.07541749 0.02169032
0.06428341 0.44734191 0.71754398 0.02190672
0.70989163 0.46437524 0.10652760 0.02144675
0.57311912 0.16373951 0.28501347 0.01981668
0.88900561 0.11738831 0.16469510 0.03445376
0.64372726 0.14268898 0.36700391 0.03667717
0.90399922 0.26553545 0.91949838 0.02012145
0.52588768 0.69328284 0.94549161 0.02093694
0.80570150 0.51733560 0.15204932 0.02376319
0.33874065 0.40586838 0.11670160 0.02587587
0.12450480 0.54533140 0.82975296 0.02623024
0.37434461 0.06282664 0.35011795 0.02308063
0.92750792 0.83711124 0.93359635 0.03581376
0.20345401 0.29269202 0.47485215 0.01940847
0.63297130 0.82571452 0.14377347 0.01982613
0.49813106 0.30410894 0.08234823 0.03251285
0.35664668 0.31042569 0.54697407 0.01915996
0.12197925 0.54995702 0.05297867 0.02073032
0.46053331 0.46951283 0.25481242 0.02346200
0.71667090 0.12111990 0.13268724 0.02062777
0.38691274 0.75612126 0.39661312 0.02118870
0.65723550 0.41946630 0.43892841 0.02043192
0.65204599 0.44464760 0.29841761 0.03246317
0.44625585 0.52267542 0.27502065 0.02552208
0.79432638 0.29235975 0.69719716 0.03330020
0.33871678 0.65077736 0.67516538 0.03255564
0.35564012 0.74067401 0.12895799 0.02136452
0.76036450 0.93396310 0.40533924 0.02497352
0.94878160 0.81054909 0.66334975 0.02157626
0.56979907 0.32106001 0.22461914 0.03564044
0.79915700 0.60603993 0.39494676 0.03569909
0.14924811 0.72687690 0.71002436 0.01966148
0.41023619 0.46228134 0.73985243 0.02522530
0.67136839 0.40424081 0.61750197 0.03379690
0.06448826 0.39424310 0.61540343 0.02750011
0.47035008 0.79504748 0.88170401 0.02535953
0.85579653 0.64008592 0.89186575 0.02554476
0.20096985 0.37329194 0.84329947 0.03625080
0.35870063 0.22289152 0.65170559 0.02255267
0.92903207 0.93190263 0.59144173 0.02871190
0.37697862 0.20336011 0.11656335 0.02043101
0.92142220 0.39969581 0.47466354 0.02045218
0.67201192 0.74395050 0.37618112 0.02366377
0.15036262 0.80729909 0.79150985 0.03079729
0.80562820 0.29866959 0.55816700 0.03688169
0.90246546 0.89621864 0.51968502 0.02907793
0.61388718 0.36734519 0.84203087 0.02153316
0.72343969 0.53452905 0.68882826 0.02207472
0.88567307 0.70436018 0.60347049 0.02998103
0.08223174 0.37285961 0.15745521 0.02500633
0.25864695 0.54468981 0.38142241 0.01925779
0.77425418 0.59140358 0.66173619 0.02629092
0.07700697 0.08650816 0.06530255 0.03533145
0.42252984 0.65680838 0.35888445 0.03086023
0.81579436 0.90538172 0.47910286 0.02338625
0.66282120 0.09666601 0.31355600 0.02069189
0.18059477 0.48577866 0.32098963 0.03293193
0.51871837 0.57901758 0.36820878 0.02849389
0.74548194 0.88612053 0.70325308 0.02540135
0.18316776 0.38413813 0.71510879 0.03229084
0.67396298 0.79386915 0.50129125 0.01948938
0.94101352 0.19865004 0.94735447 0.02587194
0.85029724 0.88133000 0.17982463 0.02642078
0.83737107 0.35144954 0.41242936 0.02922237
0.85380081 0.63964320 0.66620657 0.02641755
0.25393747 0.37771520 0.26917013 0.02096376
0.74427787 0.60488430 0.93424628 0.02306795
0.74796159 0.26738159 0.81983616 0.02493243
0.59012275 0.84759050 0.11100745 0.01965717
0.77480854 0.52101037 0.69556338 0.02565322
0.07172305 0.62903814 0.44207606 0.02550322
0.20940618 0.70034638 0.75180055 0.01916587
0.68202798 0.94868162 0.42731301 0.02443204
0.76619442 0.63351367 0.30885902 0.02330727
0.92755685 0.55782952 0.72334017 0.02802547
0.43118082 0.68225245 0.50707255 0.02088005
0.93024970 0.67268509 0.87298789 0.02417493
0.70392641 0.23303737 0.92256413 0.03106004
0.69319639 0.88205996 0.81893653 0.02243625
0.12482516 0.22382495 0.62935295 0.03579041
0.40474351 0.56909905 0.27773543 0.02803980
0.26077154 0.78101298 0.76775377 0.03208853
0.47844793 0.36729963 0.39784431 0.02041278
0.74054317 0.31637058 0.53901877 0.02660239
0.33138982 0.16975884 0.55634789 0.02345011
0.86276537 0.66692453 0.37608477 0.02354289
0.22595274 0.84567050 0.09722547 0.02424521
0.76725950 0.38135117 0.71983220 0.02521206
0.18348598 0.79559230 0.05988728 0.02343512
0.71329793 0.17746632 0.47754213 0.02605323
0.38470109 0.87512743 0.27990982 0.02658389
0.09388016 0.50638379 0.12066280 0.01998926
0.27385152 0.43722768 0.07961163 0.02980411
0.47552861 0.56884270 0.83698248 0.02024896
0.85305650 0.39149180 0.12060711 0.01995177
0.09245703 0.41871809 0.92027469 0.02212741
0.92186304 0.50043459 0.11157344 0.02058155
0.67025610 0.41057355 0.78816513 0.02330450
0.25210954 0.81726849 0.33875935 0.02378314
0.28983322 0.22481488 0.89783278 0.03289964
0.21874962 0.37784417 0.76805348 0.01976374
0.66063516 0.39192933 0.23770244 0.02687655
0.39762614 0.75879452 0.51891631 0.03383154
0.68445168 0.60610849 0.93628463 0.02550458
0.80133549 0.49832393 0.89631600 0.01947450
0.18137074 0.94605602 0.21057382 0.02697759
0.79779933 0.68741930 0.31614588 0.02451114
0.27683301 0.95314004 0.87514964 0.01937517
0.38055595 0.12759394 0.91106006 0.02034563
0.30520581 0.29342104 0.18802448 0.02396070
0.78991426 0.24544926 0.26212501 0.03224535
0.12209657 0.27472945 0.14403986 0.02347956
0.19234422 0.06903429 0.53253409 0.02835851
0.09729665 0.94069445 0.76547072 0.02851081
0.20340158 0.46596000 0.69791614 0.02136276
0.87373438 0.57956189 0.40760899 0.02140718
0.06714901 0.84751063 0.22735729 0.01935006
0.13548089 0.11876190 0.57304221 0.02483506
0.34572232 0.46783512 0.14587568 0.02251077
0.77709790 0.11975897 0.66169650 0.03490108
0.34245266 0.45586126 0.39542364 0.03112327
0.60152793 0.47844617 0.09452032 0.02922283
0.86736304 0.95383223 0.32223862 0.02027692
0.94004990 0.84992379 0.24288186 0.02886810
0.51578225 0.87775297 0.30639895 0.03392121
0.45480295 0.18133971 0.21457628 0.02329402
0.45338458 0.71177216 0.27668299 0.02001525
0.39497954 0.81415141 0.85215574 0.02894979
0.88581477 0.74540481 0.66416901 0.01996422
0.92394035 0.76042326 0.15627077 0.02779168
0.42164709 0.21776283 0.38720839 0.03337614
0.38742577 0.93693074 0.76502099 0.02059373
0.11262173 0.09776560 0.88630784 0.01937294
0.77235425 0.35655064 0.57143504 0.02209968
0.62089344 0.14860881 0.84265946 0.01975379
0.66751528 0.80080632 0.59254945 0.02517831
0.88984853 0.39022968 0.91304370 0.02723676
0.33307267 0.18544738 0.71528541 0.02365308
0.65771511 0.35927748 0.28438064 0.02150491
0.94671376 0.42949058 0.81526360 0.02120423
0.54835990 0.89363634 0.42366566 0.02262285
0.05678203 0.35836131 0.55323872 0.02136391
0.72172561 0.47396030 0.16767293 0.02154666
0.46342550 0.52010700 0.62035736 0.02641536
0.48046658 0.22783218 0.27864821 0.03778424
0.09041021 0.40020894 0.41880056 0.02161804
0.20561487 0.09121001 0.94607076 0.02190373
0.40988381 0.18531667 0.59143907 0.02015184
0.60590082 0.46575230 0.19461303 0.01969363
0.18140462 0.93047286 0.36055003 0.03379449
0.53487979 0.82949023 0.26686065 0.02316176
0.59218581 0.40886194 0.32985201 0.03225702
0.05117482 0.21493938 0.14211991 0.01985166
0.06174766 0.64467743 0.84046086 0.02815198
0.94860436 0.95375219 0.42644996 0.01950634
0.31239566 0.24680357 0.14378326 0.02757944
0.43369881 0.87705386 0.74700202 0.03195115
0.73618505 0.73249372 0.84798270 0.02005364
0.15624417 0.24876694 0.40934792 0.03726797
0.44242591 0.62967366 0.48885366 0.02529934
0.42710279 0.55304179 0.48153277 0.01950299
0.51098250 0.71680813 0.28070478 0.02661816
0.66325788 0.86652415 0.85510619 0.02158206
0.11031320 0.76092783 0.60216939 0.02844582
0.89298465 0.45625506 0.14883011 0.02072276
0.26097535 0.37658157 0.09043139 0.01933473
0.64230411 0.71119355 0.30390479 0.02479034
0.57699089 0.73957987 0.61636081 0.03418829
0.39972215 0.61859294 0.20592324 0.02804441
0.52114700 0.13972807 0.40366031 0.02267574
0.82138883 0.53847060 0.48270684 0.02477406
0.94321510 0.57866134 0.64423100 0.02241488
0.51207721 0.15285618 0.80813013 0.02584709
0.59227204 0.28062237 0.34836946 0.02021869
0.35850007 0.36691664 0.35195423 0.02210907
0.18597054 0.73583720 0.20039344 0.01938778
0.59340830 0.13582861 0.67269854 0.03129740
0.20836364 0.20111270 0.70620422 0.02312343
0.37866555 0.61577575 0.77006415 0.01993142
0.54932941 0.75872865 0.44791645 0.03383164
0.79380296 0.69482279 0.74058856 0.02964297
0.32318082 0.10696619 0.73103604 0.01903997
0.23543793 0.23909297 0.65904495 0.02527463
0.14972711 0.11947821 0.22777129 0.02399050
0.56257381 0.38364583 0.71505657 0.02967020
0.30520758 0.23436017 0.28501699 0.02378179
0.23553514 0.81479406 0.84044541 0.03446303
0.48630780 0.41033175 0.06845914 0.03232659
0.38926886 0.86227869 0.56853397 0.03722298
0.57912228 0.76420744 0.20400714 0.02207612
0.05017875 0.05273957 0.67209755 0.02206637
0.91942358 0.39741534 0.63718947 0.02465755
0.22139016 0.17414942 0.31084296 0.02345188
0.84501418 0.28402350 0.05611930 0.03019610
0.26372005 0.43291990 0.90153241 0.01909152
0.67740168 0.41283858 0.35941678 0.02784700
0.84389563 0.81901131 0.74300494 0.02114496
0.39568173 0.67867736 0.22402064 0.02663421
0.79669294 0.65899484 0.21822625 0.01915697
0.34969616 0.21445222 0.21783931 0.03005219
0.74647323 0.23914848 0.76888885 0.02513993
0.16265151 0.79625254 0.39141832 0.02374276
0.53872527 0.05175681 0.10908857 0.02213710
0.70516961 0.31882274 0.66657914 0.02404019
0.13228925 0.05986501 0.42982220 0.02509342
0.34940465 0.18640976 0.90259451 0.02616772
0.10243981 0.41275123 0.11931527 0.01984498
0.12806020 0.82261832 0.16600596 0.02140596
0.06135398 0.17056102 0.16536519 0.02423925
0.47646223 0.12833622 0.47776202 0.02466683
0.46688871 0.51215864 0.48834902 0.02937361
0.12797144 0.17461804 0.94234882 0.02458170
0.68275247 0.89071597 0.72510186 0.01987552
0.23873264 0.15745330 0.20357790 0.02007033
0.87387721 0.50390957 0.68290307 0.02746761
0.40536128 0.33638868 0.87626059 0.01990574
0.75584988 0.91383234 0.21124620 0.02770424
0.43262446 0.52749464 0.81050799 0.02632994
0.80524841 0.44469149 0.14840908 0.02329986
0.74036111 0.71210827 0.27286248 0.02107662
0.90663051 0.60291402 0.16652916 0.02509440
0.75813509 0.31509098 0.59995841 0.02297731
0.35620131 0.75049575 0.61110705 0.03156718
0.62420178 0.61916798 0.87710490 0.02446185
0.67112085 0.28747103 0.08250161 0.02385975
0.32536779 0.92297702 0.47889022 0.03427412
0.44027465 0.21528912 0.13329678 0.03305680
0.07736870 0.62097318 0.34335190 0.02610376
0.29917698 0.35393854 0.47400901 0.02075281
0.08424400 0.58296773 0.47026201 0.02066431
0.51540397 0.25265173 0.71201220 0.02397853
0.76681728 0.85762040 0.93739336 0.02122450
0.47895113 0.22219702 0.84182596 0.02857699
0.15587491 0.16295868 0.16795046 0.02359765
0.14979880 0.05511151 0.21834199 0.02690004
0.11865238 0.17037222 0.87669375 0.02284425
0.53121356 0.94325082 0.91765577 0.02521764
0.53976323 0.21131248 0.06803623 0.03596896
0.93712151 0.93418436 0.12408194 0.03459140
0.05685295 0.15487122 0.51975574 0.02675986
0.41158112 0.75934741 0.74343158 0.02109218
0.14665880 0.81687240 0.49744116 0.01988965
0.76496492 0.45706471 0.54500614 0.02960913
0.34391756 0.82487889 0.76202421 0.01963901
0.71850792 0.14313317 0.29983227 0.02144292
0.28226566 0.16636563 0.05958846 0.02936716
0.04848635 0.40394520 0.53010898 0.02260503
0.93803176 0.82302386 0.59580788 0.02355367
0.56818697 0.27830498 0.76834826 0.02271070
0.81844496 0.51779516 0.42158319 0.01964201
0.42146863 0.45829455 0.94127750 0.01913047
0.42180676 0.59436437 0.81145793 0.03231843
0.86174319 0.38957610 0.74566656 0.02429583
0.26415744 0.43517477 0.70562459 0.02139446
0.79631663 0.04735844 0.05934878 0.02038719
0.33056809 0.26652384 0.53573201 0.02423290
0.74787804 0.38711280 0.14222480 0.02272045
0.86759885 0.40249451 0.17887272 0.02933271
0.66536353 0.27437276 0.20299332 0.02258255
0.93201559 0.31141289 0.28135372 0.03168029
0.67202685 0.62945839 0.72062021 0.01946720
0.86356547 0.50508097 0.36352911 0.03382693
0.83989338 0.94825923 0.70174233 0.02283333
0.92282038 0.08908587 0.08606201 0.02547144
0.22556933 0.71185059 0.25099397 0.02273108
0.05517895 0.47265834 0.54779182 0.02448933
0.49192043 0.32843642 0.92678107 0.02234509
0.30850431 0.42705720 0.52067504 0.03776623
0.24810472 0.70342925 0.84745291 0.02090468
0.82633299 0.34842032 0.29258187 0.03391792
0.59796034 0.50982132 0.79267039 0.02953467
0.80359986 0.18988624 0.41782183 0.02886509
0.11313483 0.92043853 0.92597810 0.02003959
0.34621577 0.90570160 0.94140488 0.02332933
0.10072878 0.05931551 0.61910543 0.01997370
0.07452329 0.24487566 0.22549564 0.02458108
0.38113750 0.10182146 0.28942993 0.01967162
0.79873775 0.28944478 0.43676299 0.02464097
0.27185091 0.06407444 0.61962885 0.02534334
0.31123485 0.18338987 0.12684543 0.01914503
0.34088102 0.62498225 0.92039929 0.01966086
0.92128686 0.40815715 0.52647325 0.02112764
0.37963870 0.35552164 0.61261798 0.02801817
0.11608425 0.69982918 0.36010435 0.02540209
0.21741438 0.43744117 0.05733680 0.02454056
0.32215871 0.68288902 0.18469609 0.02652029
0.84895048 0.79947704 0.85557135 0.02426495
0.67494512 0.88339788 0.20170745 0.02042047
0.78731230 0.68487178 0.92803185 0.01933208
0.88268220 0.38932759 0.80719845 0.02735129
0.16753629 0.49494154 0.68820538 0.02060534
0.93886086 0.49983701 0.19377594 0.01905586
0.79872279 0.55889973 0.86441863 0.02918617
0.32730735 0.34962027 0.27975204 0.01991447
0.32760226 0.09746502 0.05018493 0.02350708
0.20618177 0.20723406 0.24920793 0.02287565
0.21163316 0.90951537 0.29024963 0.03034454
0.67639744 0.79515936 0.14604207 0.02680049
0.33487896 0.67266007 0.33195276 0.03157741
0.07696360 0.25390763 0.29499653 0.02873438
0.90772698 0.71322816 0.11125057 0.03137154
0.91756289 0.44895559 0.93486622 0.02451168
0.74505749 0.33235726 0.32700033 0.02147888
0.93951951 0.84525224 0.53045599 0.02516390
0.21505184 0.24955575 0.89467372 0.02155519
0.35573139 0.36155663 0.16133916 0.02390674
0.71204247 0.30874418 0.14023287 0.02486738
0.26509338 0.22952269 0.61793753 0.02085239
0.75183388 0.45620262 0.61934725 0.01953453
0.40071037 0.76884828 0.44922096 0.02149330
0.94549567 0.27633869 0.07017143 0.02395371
0.17660550 0.91924096 0.56813945 0.02334250
0.75808498 0.93707420 0.65327266 0.02742993
0.35585436 0.94475507 0.83961474 0.02075828
0.17165179 0.21797196 0.77372464 0.02046552
0.28099502 0.59450210 0.45965173 0.01916956
0.59414430 0.46008571 0.83864670 0.02598349
0.94258485 0.20825022 0.58337595 0.02578715
0.81149402 0.36262525 0.77275185 0.02826570
0.49828258 0.57308475 0.15645406 0.02486693
0.67963174 0.93134580 0.30406569 0.02056140
0.60398036 0.12492413 0.09591729 0.02095587
0.10568261 0.12664851 0.33055200 0.02154795
0.58542352 0.69350603 0.91038803 0.02100765
0.58104709 0.39600625 0.18501809 0.03110740
0.84115084 0.77004663 0.26187432 0.03066199
0.27102546 0.18294129 0.58707846 0.02026747
0.11877085 0.61807916 0.86970019 0.02855683
0.70207842 0.93725683 0.35555296 0.02296398
0.48961080 0.69362857 0.07107918 0.03565239
0.40109926 0.39169398 0.89597235 0.03225190
0.68453479 0.38665909 0.82976842 0.02197605
0.19854947 0.05821623 0.07106419 0.02163958
0.93521911 0.86606648 0.67810630 0.02653820
0.05570399 0.14198546 0.75430293 0.02684274
0.09878282 0.17078367 0.05860356 0.02559402
0.66030074 0.56487601 0.74118800 0.02339192
0.25157395 0.65741843 0.04596784 0.01962739
0.90238950 0.50598226 0.51559839 0.02709803
0.31803625 0.94085045 0.67909719 0.01972906
0.14978770 0.94789853 0.86371063 0.02008529
0.56015286 0.84042941 0.83170232 0.02365018
0.86255891 0.38350655 0.60949674 0.01917532
0.44270378 0.47959996 0.84980358 0.02720153
0.07801858 0.18114620 0.39907437 0.03086767
0.19823350 0.51649645 0.53736901 0.02053005
0.70860572 0.69970345 0.16517897 0.02011238
0.29544911 0.64911722 0.88490458 0.03388721
0.21710195 0.55729759 0.59079962 0.01954734
0.32727842 0.61190511 0.15947165 0.03282644
0.39306467 0.21421988 0.48104930 0.02694438
0.40979718 0.12559099 0.23487561 0.02403381
0.45212847 0.64009708 0.73201777 0.02601596
0.20541100 0.05238518 0.75764561 0.02576039
0.31204887 0.93702245 0.16443300 0.02752245
0.23782697 0.54475394 0.14279401 0.02950554
0.61359577 0.36086057 0.14062458 0.02026520
0.77178325 0.65493868 0.67313995 0.02473565
0.25462821 0.41098547 0.19995054 0.02262509
0.60414472 0.66091568 0.29078090 0.03479726
0.94511473 0.75477777 0.86098767 0.02412130
0.90445083 0.12107357 0.42766636 0.03334454
0.32379550 0.92962615 0.06520065 0.03403550
0.38442714 0.67003662 0.62484921 0.02604187
0.31579445 0.39101905 0.62702804 0.02769188
0.91148495 0.71501195 0.04504844 0.01928287
0.72938755 0.46756502 0.32221542 0.01946936
0.81272913 0.12342057 0.94640995 0.02249803
0.55288165 0.32951472 0.77161632 0.02458799
0.07663461 0.26040860 0.46854248 0.03473759
0.48422927 0.57245339 0.59809966 0.01996199
0.87934946 0.52321838 0.58162821 0.02828745
0.65301353 0.79567877 0.69113440 0.02929847
0.33160235 0.88058035 0.21187724 0.02198333
0.75420716 0.53633993 0.62062159 0.03043475
0.91935246 0.64139960 0.94915888 0.02156574
0.42352251 0.08283314 0.51522870 0.02449954
0.94795910 0.29921548 0.49977414 0.02161993
0.47631968 0.08987949 0.08431776 0.02159135
0.27295278 0.40994515 0.79687217 0.02706339
0.21609680 0.67885901 0.45378793 0.02831188
0.23981041 0.60642064 0.95457672 0.01912669
0.95224560 0.88328826 0.83822872 0.01984591
0.14540742 0.70356813 0.43680997 0.02194269
0.13498044 0.44355919 0.25419361 0.03028748
0.69512712 0.63234433 0.49518814 0.02687127
0.59178074 0.08188570 0.50351184 0.03127215
0.90525311 0.73423131 0.73269174 0.02123375
0.63925450 0.13749506 0.20439769 0.02419436
0.30634434 0.49741175 0.24798691 0.01909008
0.92156991 0.71550900 0.46569461 0.03405248
0.19256129 0.93172924 0.93894112 0.03462136
0.79722083 0.27534123 0.76522629 0.02838046
0.16459496 0.46171646 0.55051244 0.02491956
0.27857558 0.79125822 0.44405314 0.03061133
0.35458604 0.73184700 0.45938243 0.02972041
0.24006007 0.23460290 0.75816587 0.02565183
0.12090008 0.48264607 0.89708102 0.01959488
0.86578916 0.16405245 0.84466651 0.02240340
0.57063065 0.61210455 0.89224526 0.02052495
0.30307843 0.94158583 0.63331964 0.02269699
0.83015142 0.59128549 0.82666711 0.02331712
0.91090850 0.81796754 0.87243468 0.02523192
0.04877651 0.53043802 0.56410814 0.02307165
0.15899789 0.89475729 0.89880191 0.01954958
0.48588433 0.77669050 0.17053725 0.02333958
0.69527989 0.67998786 0.60573584 0.03219055
0.61541812 0.52321054 0.92104856 0.02086401
0.45167655 0.90129621 0.07004932 0.02292828
0.21644861 0.93962017 0.41582424 0.02132981
0.10441881 0.87276588 0.20215717 0.02641175
0.55504516 0.09452613 0.24876799 0.02222368
0.84293758 0.66958329 0.23094063 0.02059566
0.68089628 0.90731009 0.48424972 0.02455699
0.81164809 0.11684013 0.22692189 0.01926459
0.63176905 0.42051286 0.95076271 0.02012525
0.71658437 0.42961083 0.24971708 0.02081450
0.84550269 0.24899309 0.42226454 0.02027842
0.48593958 0.05599688 0.85605577 0.02573346
0.94181768 0.47241882 0.46279116 0.03066566
0.84207668 0.06655713 0.23250835 0.02557796
0.74480757 0.93396272 0.87164736 0.02290004
0.79544581 0.38409808 0.13556472 0.01980911
0.47560888 0.70315660 0.40122015 0.02658483
0.33686564 0.52798604 0.17543823 0.02269360
0.60341348 0.57762044 0.13429438 0.02326365
0.43708495 0.26119185 0.70647738 0.02324867
0.85777967 0.51397863 0.18117558 0.02374014
0.33529551 0.73842086 0.19483998 0.02040709
0.36701472 0.54113368 0.57127431 0.01902629
0.42801794 0.43283142 0.19710484 0.02386135
0.94959241 0.50320405 0.81543371 0.02211580
0.79923233 0.51227408 0.33645641 0.01951366
0.26669947 0.88145256 0.15430661 0.02057489
0.25255841 0.47025613 0.94116522 0.02103660
0.70379283 0.22409470 0.06160191 0.01987442
0.80017214 0.92414612 0.82546096 0.02387050
0.81858698 0.36148639 0.49616012 0.02309958
0.55714076 0.25691313 0.26374160 0.02094596
0.16623819 0.69179817 0.61422647 0.03200513
0.78079676 0.06056770 0.61735490 0.02541365
0.90921797 0.86987511 0.81366114 0.02031516
0.61865273 0.30409074 0.93012224 0.01925760
0.15539738 0.10985998 0.07557885 0.02087958
0.70607365 0.80431928 0.27885267 0.01932097
0.63424842 0.50437990 0.24818211 0.02247609
0.65334753 0.19678991 0.84026350 0.03082791
0.10360012 0.62745705 0.21241137 0.01964003
0.41285958 0.41361801 0.24167867 0.02185482
0.62879509 0.63239007 0.53800803 0.02560263
0.30777228 0.26282442 0.64324226 0.02647167
0.50938082 0.82691816 0.44943922 0.03319497
0.57315770 0.30914121 0.10942086 0.03020338
0.26143383 0.52556352 0.92449423 0.02838952
0.23437381 0.48580166 0.52299867 0.01905857
0.59722868 0.34705097 0.29153211 0.03267568
0.84221316 0.62439784 0.18437867 0.02032944
0.93506487 0.26246141 0.22363851 0.02240535
0.86907467 0.41849042 0.38398224 0.02628064
0.80921130 0.37935536 0.54330989 0.02079804
0.84353787 0.93680506 0.52169332 0.02664975
0.61512609 0.63508779 0.74017509 0.02270317
0.10143741 0.05725419 0.86768227 0.01927789
0.93581333 0.35424300 0.83919959 0.02221717
0.09317345 0.48658340 0.72822722 0.02156025
0.60514495 0.28582067 0.64769597 0.03090642
0.68981973 0.12985002 0.95050796 0.02162882
0.94240382 0.49131598 0.05461509 0.01948886
0.93476710 0.44623411 0.24438914 0.03440459
0.67498154 0.84137230 0.46411196 0.01908267
0.35984005 0.76615610 0.89973438 0.02021396
0.94840162 0.38448029 0.27318092 0.02492814
0.93809144 0.29098898 0.71427529 0.02086957
0.83553821 0.72675305 0.11183357 0.02123050
0.67316000 0.71871864 0.46811317 0.02017289
0.35062390 0.83234273 0.23962898 0.02667606
0.07208079 0.86483344 0.75917457 0.02093855
0.65200720 0.47452598 0.18704099 0.02025703
0.80877641 0.42551710 0.80277292 0.01938502
0.13634525 0.87736013 0.33943918 0.02114552
0.51105479 0.48428497 0.53469311 0.02235882
0.82043115 0.26152811 0.91048994 0.02970025
0.05865670 0.47125895 0.49283700 0.02319844
0.32193688 0.40777220 0.90709972 0.02186020
0.36616246 0.93156902 0.67417678 0.02289761
0.42380274 0.20470828 0.80820265 0.02833122
0.61022838 0.72365754 0.06896459 0.02922592
0.87856699 0.85994693 0.27824289 0.03086354
0.78630325 0.85886493 0.75623941 0.02069765
0.54391184 0.39504176 0.92084550 0.02084449
0.10614447 0.51730692 0.57242486 0.02629233
0.46601044 0.50735821 0.70661691 0.02108481
0.85225691 0.77861172 0.60269914 0.02178069
0.06051227 0.88751344 0.06091197 0.02051307
0.84702747 0.50806779 0.26007209 0.02009489
0.17033677 0.16085246 0.61934010 0.02326007
0.95322430 0.26180520 0.91657133 0.02004128
0.36202783 0.78321558 0.17100762 0.02201783
0.29037576 0.89693766 0.90794576 0.02656582
0.75495928 0.80117103 0.15899341 0.02123891
0.94171915 0.78747236 0.89958536 0.01903638
0.66472918 0.27424225 0.53773735 0.02447322
0.41237819 0.74488537 0.83942280 0.01970640
0.65369479 0.70547904 0.12291606 0.02272795
0.39532024 0.31767803 0.82674147 0.02545658
0.13757349 0.35048979 0.79189759 0.02393691
0.05826312 0.05751994 0.94509614 0.02279754
0.67749449 0.47668553 0.05996756 0.02500249
0.08671438 0.62871868 0.65046085 0.02671899
0.07686755 0.61935116 0.06789770 0.02737426
0.17426168 0.89369886 0.16965685 0.01906702
0.37749150 0.63454254 0.82933704 0.02423418
0.15847739 0.88010264 0.60157737 0.02372273
0.89380115 0.64024601 0.42705396 0.02719413
0.10301083 0.33625643 0.57698701 0.01988762
0.34639794 0.81902045 0.30811869 0.03127112
0.64262884 0.56719311 0.44954112 0.02259940
0.63175161 0.17678187 0.30080356 0.02524751
0.93896595 0.07104914 0.32219038 0.03136692
0.30574911 0.68885261 0.39301852 0.01990527
0.06620763 0.76651814 0.47934843 0.02490349
0.93761323 0.14927038 0.67537479 0.01973915
0.91245176 0.46123348 0.87427854 0.02811361
0.37104400 0.76755953 0.25803763 0.02081935
0.42518306 0.16515228 0.95301173 0.02074691
0.47855124 0.86217654 0.15029606 0.02023307
0.93493352 0.36043204 0.39140746 0.02756313
0.77758363 0.33301444 0.12303719 0.01997192
0.82801120 0.78328444 0.72017904 0.01903194
0.91112365 0.60871095 0.28690966 0.02107772
0.50517062 0.04932295 0.63829886 0.02212083
0.70135632 0.87682419 0.63332762 0.02624774
0.42855363 0.42318804 0.10060380 0.02221874
0.53121059 0.69930932 0.47187884 0.02216347
0.61598596 0.51430546 0.16282432 0.02593136
0.51956702 0.94024618 0.28291776 0.02247525
0.06356008 0.14165710 0.57608049 0.02451586
0.24924977 0.93899361 0.77593890 0.02554930
0.54354622 0.18454749 0.91609965 0.02553356
0.95174621 0.29166558 0.44308116 0.02252211
0.37132183 0.10158444 0.81786200 0.02358965
0.67685851 0.72029172 0.65235997 0.02399838
0.38956005 0.49180228 0.65451909 0.02225833
0.46051938 0.48224746 0.19684030 0.01979466
0.18200918 0.10916538 0.40091205 0.02569557
0.75129529 0.07490522 0.10549664 0.02147273
0.30866046 0.11880521 0.94050150 0.02347459
0.27070463 0.05111064 0.52520467 0.01993894
0.40483225 0.08062164 0.06520612 0.03196180
0.50153728 0.79468794 0.51966957 0.02965816
0.44928071 0.26088059 0.47547365 0.02886636
0.14911842 0.80910758 0.62272366 0.01985683
0.33050570 0.30259313 0.30734199 0.02959777
0.20439875 0.68018282 0.19121487 0.02568604
0.52828469 0.78949338 0.78208046 0.02008656
0.87732623 0.22014912 0.92796390 0.02086525
0.61549072 0.93580408 0.13353642 0.02125969
0.11199577 0.69162753 0.21028265 0.01933501
0.47282779 0.81143230 0.82254231 0.02376136
0.37424765 0.81942846 0.95421491 0.01920702
0.69545467 0.82210333 0.65317210 0.02358969
0.95100451 0.11513626 0.54282945 0.02299494
0.68347255 0.71634667 0.82726069 0.02481075
0.53823815 0.92462755 0.34776808 0.02208430
0.71566718 0.08151866 0.21907041 0.02948879
0.15396704 0.17614950 0.73990903 0.02372303
0.94666246 0.73336075 0.63200070 0.02521052
0.28530207 0.16734802 0.79644447 0.03075191
0.78903181 0.63490799 0.78176348 0.01994330
0.26702446 0.66070360 0.32958432 0.02070155
0.86422745 0.64676073 0.05837795 0.02253699
0.68326272 0.66172516 0.38771313 0.02486837
0.84897791 0.08332557 0.86958299 0.02297801
0.19112590 0.56727670 0.76009420 0.02492396
0.14751720 0.61559162 0.76333712 0.03192127
0.82516231 0.28291407 0.63552974 0.02638273
0.48250213 0.05451924 0.53971421 0.02290388
0.69470064 0.22549562 0.74163423 0.02505729
0.78168417 0.93029674 0.11979283 0.03014961
0.57518752 0.38696017 0.88046915 0.02292557
0.76818088 0.82488345 0.81972271 0.02262599
0.05441170 0.80322815 0.44195717 0.02181657
0.30690245 0.88722959 0.10686299 0.02299504
0.19412557 0.87590734 0.44589267 0.02257795
0.68339099 0.06904169 0.85986316 0.01948966
0.45902096 0.76932347 0.72527131 0.02137130
0.81718158 0.84591446 0.94776681 0.01952569
0.05801188 0.61685152 0.73455682 0.02281287
0.44377974 0.92207001 0.85709470 0.02574937
0.74082859 0.48662693 0.06243887 0.02118405
0.91546554 0.13372464 0.35373502 0.02496731
0.06022086 0.28199399 0.94186644 0.02485529
0.41148867 0.89014408 0.13886030 0.02349011
0.90651961 0.94086936 0.71272949 0.01980381
0.82317050 0.06995401 0.14861630 0.02794849
0.19911153 0.62916269 0.16559519 0.02061951
0.77208488 0.16400408 0.93731094 0.02683424
0.94847229 0.82337904 0.77957788 0.02566443
0.79862464 0.86634163 0.80772713 0.01945619
0.38163466 0.25901644 0.72403095 0.02876479
0.53238042 0.58752026 0.59136422 0.01929058
0.24882734 0.33900951 0.81504484 0.02119506
0.86189512 0.43874505 0.82802825 0.02318888
0.88598556 0.43588691 0.44192460 0.02588126
0.15394174 0.66191306 0.36040972 0.02127155
0.80566420 0.45293175 0.59417559 0.02155525
0.85265372 0.14761392 0.55790603 0.02406504
0.19582637 0.72703551 0.14785795 0.01921879
0.39171439 0.71850516 0.88398690 0.02383479
0.69688211 0.75558518 0.20629411 0.02030335
0.05035980 0.77217840 0.37614904 0.02054110
0.05180158 0.09220809 0.62306749 0.02544694
0.63130351 0.07316633 0.69406492 0.02073232
0.62815288 0.38180953 0.38109274 0.02330876
0.13487870 0.74694656 0.39348593 0.02189708
0.21741136 0.87968073 0.15472563 0.02197849
0.07256660 0.31989525 0.39747836 0.02193603
0.51959227 0.51443974 0.25178194 0.03455033
0.19178700 0.34863130 0.93111878 0.02980461
0.73486387 0.24716536 0.54976016 0.02324965
0.32035667 0.58710891 0.53316055 0.02118087
0.09335359 0.66685128 0.11244437 0.02395310
0.64814456 0.92706083 0.82095529 0.03391615
0.46228940 0.11102699 0.19704630 0.02532456
0.50877284 0.05605204 0.31047736 0.02658431
0.75477320 0.50649335 0.35106235 0.01908184
0.56578680 0.35640714 0.53829970 0.02001649
0.18164125 0.84074776 0.32179620 0.03208913
0.16140135 0.18291934 0.45247320 0.02614679
0.95007887 0.23408080 0.40195207 0.02103984
0.86258789 0.06471549 0.06747836 0.03719047
0.56881013 0.91861201 0.88865633 0.01906856
0.24139078 0.93897994 0.22058588 0.02496159
0.47624704 0.36271857 0.51355037 0.02091075
0.41257717 0.89259236 0.47798811 0.02021752
0.74920578 0.64778780 0.45860023 0.02219453
0.38783927 0.50755415 0.84144103 0.02338616
0.45287848 0.06083309 0.11291350 0.02020942
0.05265167 0.74590751 0.21631214 0.02007092
0.80454492 0.58966678 0.20357608 0.02124438
0.18779992 0.43845762 0.74744870 0.02306702
0.33933028 0.54622911 0.77115301 0.02227518
0.39063402 0.57058023 0.10902792 0.02766470
0.76520562 0.87542403 0.53292304 0.02453714
0.76274251 0.90981105 0.30515959 0.02252815
0.16408082 0.05841292 0.36971606 0.02384650
0.28948343 0.85421844 0.06030803 0.01994986
0.63575016 0.85522469 0.71741553 0.02214456
0.13674675 0.78475254 0.23614531 0.02260718
0.40766110 0.79950920 0.78426345 0.02456945
0.46890565 0.67488253 0.47462287 0.01945381
0.04993351 0.79871066 0.89020832 0.01963435
0.85352280 0.70913936 0.26962681 0.02572716
0.39092202 0.51592940 0.50854284 0.03190256
0.27999612 0.54311510 0.84863698 0.02209057
0.05388551 0.36241948 0.77657177 0.01960661
0.20895793 0.41212260 0.91952085 0.02628029
0.21437596 0.21828482 0.94941169 0.02018307
0.87020798 0.84766835 0.13736635 0.02423019
0.52464925 0.36915440 0.28925086 0.03554783
0.55818841 0.51055969 0.42451658 0.01929024
0.18362728 0.62228702 0.59393663 0.02248569
0.45783173 0.12874192 0.54861577 0.02072309
0.54772150 0.24721648 0.82516336 0.03190607
0.62608513 0.44851022 0.74832788 0.02658997
0.89694604 0.62064907 0.36384016 0.02941165
0.10888834 0.64175454 0.54882522 0.02266374
0.18053623 0.30270986 0.81839400 0.02308124
0.12999574 0.73296934 0.23440698 0.02404964
0.55922476 0.58214153 0.94025266 0.02050347
0.29991782 0.71278800 0.94989473 0.02313134
0.49086517 0.41701590 0.24582673 0.02908808
0.20697618 0.75658494 0.75046443 0.02302335
0.16492734 0.71177996 0.37562689 0.02099426
0.54548112 0.23700316 0.59643455 0.02723292
0.13428115 0.82181243 0.70110929 0.01934429
0.94523239 0.62369369 0.70105090 0.02099511
0.39123916 0.70759491 0.15855150 0.01904818
0.70023814 0.42266625 0.07231698 0.02468985
0.05696066 0.20101574 0.07465353 0.02095786
0.36491802 0.85130859 0.47853271 0.02493977
0.11040174 0.20304111 0.16018935 0.02369981
0.69505713 0.87874848 0.92806214 0.02234482
0.46530145 0.84252119 0.71285861 0.01947713
0.76322008 0.74833796 0.56487001 0.02403996
0.19528517 0.08389014 0.46515933 0.01921556
0.56556804 0.71687079 0.23750877 0.02816629
0.30767319 0.22283411 0.83783715 0.02430450
0.25404907 0.33224773 0.59481334 0.02260275
0.85268168 0.54681099 0.87289378 0.02094416
0.54646602 0.47343687 0.77051257 0.01974295
0.24762495 0.87516942 0.32098498 0.02286049
0.65184762 0.07977124 0.80168483 0.02284882
0.30815747 0.37708988 0.05509262 0.02705071
0.61694010 0.58197650 0.21449548 0.01936474
0.74186768 0.38413622 0.67341222 0.02058377
0.54963644 0.43505776 0.95090449 0.02083578
0.81334418 0.84957833 0.08372876 0.02404685
0.23332195 0.64010216 0.87562380 0.02246644
0.94752022 0.57085537 0.21777429 0.02241791
0.31024070 0.75558819 0.65017858 0.02389282
0.57807335 0.18628854 0.40985826 0.02533978
0.89166806 0.14882762 0.76537909 0.02061462
0.94409925 0.50327505 0.65132596 0.02882507
0.95331033 0.06536888 0.63689915 0.02025306
0.81261506 0.94910412 0.25244653 0.02293008
0.54002660 0.93209502 0.55536720 0.03619989
0.43570718 0.16955869 0.48822542 0.02226006
0.31981595 0.31289794 0.72812099 0.03089741
0.49126229 0.36176592 0.85065309 0.02857736
0.13824593 0.33627683 0.46163120 0.03248018
0.24420576 0.62733619 0.60698916 0.02917455
0.38657809 0.30854489 0.49918790 0.02545031
0.37438330 0.81551184 0.63037870 0.02141763
0.65560160 0.05544866 0.40101116 0.02401407
0.83746068 0.94724362 0.15614140 0.02075516
0.51844159 0.83886059 0.87427094 0.02373533
0.92140513 0.74228898 0.35877826 0.02075731
0.39476027 0.92855880 0.44751970 0.02177829
0.64510931 0.34693544 0.10001425 0.02747023
0.37246871 0.18845698 0.05042861 0.02104512
0.44962537 0.86554461 0.59048699 0.02167395
0.10261705 0.20145813 0.23883409 0.02280955
0.53531699 0.73998343 0.90690858 0.01982834
0.66299427 0.37151711 0.67400304 0.02459211
0.16235429 0.45470827 0.48317328 0.02498849
0.15578127 0.56549088 0.55062608 0.02030390
0.70732302 0.51386559 0.59433269 0.02283124
0.35643164 0.58324677 0.35586133 0.02334596
0.09844936 0.82805722 0.34171541 0.02357969
0.48047223 0.63256048 0.91911619 0.02490289
0.28687265 0.39180369 0.38144347 0.02066291
0.44925133 0.06583976 0.73284209 0.03787195
0.78503252 0.80629711 0.68939473 0.02552251
0.87530862 0.40374816 0.26180740 0.02188026
0.70898650 0.06031072 0.50060955 0.02227346
0.06778308 0.07698119 0.56861009 0.02829946
0.55877162 0.31036090 0.39665176 0.02191771
0.24433166 0.06516983 0.87655813 0.02550988
0.51556288 0.81903354 0.31656844 0.01988403
0.19489994 0.11669099 0.76006855 0.03184766
0.62469400 0.05444100 0.56059603 0.02868253
0.35291005 0.47512653 0.30900687 0.01961322
0.61152084 0.05440146 0.75934419 0.02366108
0.67228071 0.29307293 0.27363104 0.01926311
0.47685876 0.06937283 0.80740262 0.02033163
0.51432245 0.94948302 0.46574501 0.02447603
0.15159919 0.32083212 0.58917657 0.01958241
0.91773654 0.93316898 0.77924072 0.01997971
0.86975027 0.62277835 0.56131241 0.01902221
0.08938240 0.93752596 0.86047243 0.02851968
0.39524347 0.48915454 0.37826661 0.02025260
0.57987651 0.73140967 0.69956443 0.01992797
0.76459032 0.37277549 0.88608944 0.02649459
0.64656064 0.87031512 0.77616519 0.03067497
0.10160447 0.66804869 0.48134631 0.03160447
0.40901296 0.60532272 0.05619990 0.02538901
0.33439195 0.57403866 0.09605365 0.02162325
0.73027387 0.93218221 0.73438937 0.02495265
0.67188911 0.94305013 0.73605058 0.02059401
0.65694857 0.56261136 0.17410801 0.02174821
0.45720780 0.13031060 0.69410157 0.02351019
0.90310798 0.54630915 0.34700417 0.02024328
0.27981261 0.71980955 0.05571786 0.02372612
0.86503675 0.92065285 0.47099885 0.02016403
0.23943669 0.25510128 0.29564617 0.02067449
0.27691539 0.28215668 0.87581592 0.02024273
0.07733379 0.56025755 0.39757076 0.02523057
0.42283926 0.53470739 0.17095500 0.02043977
0.53047249 0.94156815 0.64580725 0.02260860
0.29907889 0.10006358 0.65321772 0.02121391
0.75052346 0.14884337 0.08130674 0.02393727
0.43175434 0.59219345 0.14790557 0.02222014
0.43830833 0.27143699 0.09482084 0.02524540
0.37426426 0.50500998 0.15405223 0.02030751
0.11092445 0.90905727 0.52845655 0.02582615
0.45361311 0.63980927 0.54583409 0.02297555
0.91131207 0.06260717 0.50717464 0.02788557
0.46081257 0.39739099 0.68006671 0.02029877
0.39063516 0.49115615 0.42508956 0.02008765
0.41348453 0.17625661 0.28144117 0.03188333
0.83319166 0.48428133 0.11538254 0.02144491
0.51240411 0.58506991 0.74303655 0.02190137
0.69594419 0.34097270 0.34349321 0.02018553
0.34781059 0.53381650 0.34232439 0.02004105
0.82347295 0.43254256 0.64255166 0.02264052
0.20674821 0.51212038 0.60532210 0.02085100
0.91077524 0.14658842 0.92772474 0.02315429
0.25944241 0.38877441 0.58523242 0.02489907
0.85329861 0.74856380 0.78152744 0.02083480
0.85568898 0.92842542 0.27114861 0.02250066
0.95058515 0.76842131 0.48209414 0.01985574
0.68745504 0.21956276 0.10898907 0.02334672
0.84159756 0.43307211 0.09823638 0.01937850
0.32849911 0.67091306 0.56874480 0.02599396
0.78605960 0.71448179 0.22483185 0.02788689
0.14134203 0.92849300 0.06681112 0.03647212
0.91411045 0.23630371 0.04971123 0.02380253
0.85159743 0.10106618 0.73670039 0.02372296
0.38597819 0.16925989 0.18116263 0.02238387
0.24729222 0.49184078 0.40347158 0.02271318
0.17080650 0.78226810 0.17872344 0.02814595
0.72721278 0.25006972 0.26568574 0.02185721
0.34213494 0.07776339 0.39880606 0.02155300
0.92760265 0.40134145 0.77042020 0.02349023
0.42070402 0.94957903 0.32467311 0.02462905
0.16031247 0.77794011 0.85732441 0.02592683
0.58136700 0.78366563 0.68056485 0.02392127
0.59524792 0.06710716 0.21120209 0.02061074
0.06163365 0.90853961 0.90565665 0.02140837
0.26969715 0.65052787 0.16620070 0.02917197
0.57627395 0.87508000 0.46805345 0.02310817
0.83667653 0.72774986 0.83636081 0.02074542
0.82527946 0.64282017 0.73391188 0.02249372
0.66268929 0.57878215 0.23328764 0.02224903
0.19154746 0.08383986 0.59995403 0.01997072
0.71953231 0.66663369 0.87657994 0.01989602
0.50516568 0.69875092 0.82319660 0.02597469
0.43455130 0.84372290 0.63343961 0.02293498
0.22805976 0.05775019 0.11902806 0.02346389
0.59621827 0.44713798 0.46331173 0.02813613
0.82574385 0.22232203 0.69376457 0.03098079
0.17772008 0.31698963 0.39332644 0.02108065
0.67595250 0.52207258 0.28736358 0.02393135
0.85127680 0.15123302 0.70307737 0.02263643
0.72414702 0.53745176 0.32853092 0.01963445
0.68376353 0.69337547 0.05177538 0.01908260
0.44977890 0.53048830 0.36946167 0.02659715
0.62895122 0.31352549 0.40918165 0.02770512
0.73215159 0.76367499 0.38232512 0.02449095
0.71140093 0.84971422 0.29549187 0.01933243
0.79593510 0.81880772 0.49966802 0.02230431
0.61970062 0.37277686 0.53069375 0.03089127
0.84168651 0.20297079 0.45825789 0.01927407
0.84312826 0.08747861 0.59545762 0.02447175
0.81339733 0.71845279 0.35915740 0.02139218
0.72753407 0.61008297 0.34245794 0.02640914
0.46091509 0.35978160 0.31260536 0.02220154
0.64222938 0.05661674 0.64817116 0.02001158
0.30819325 0.35028624 0.32304400 0.01907488
0.89396420 0.94895525 0.94883980 0.01969635
0.93869144 0.66187434 0.55774899 0.02191722
0.17374624 0.94800787 0.76190115 0.01916383
0.94476706 0.16914921 0.81040454 0.02460244
0.72306137 0.78175423 0.88844304 0.02260057
0.85500527 0.69827435 0.33872857 0.01960294
0.06016779 0.52244651 0.62696891 0.03228863
0.06171629 0.05292469 0.33391708 0.02652403
0.94247251 0.55845947 0.12629582 0.02334694
0.05091780 0.32303870 0.08634706 0.02067202
0.68336402 0.51338407 0.17280341 0.02318409
0.05415545 0.54302541 0.27334803 0.02381526
0.85767145 0.42879809 0.05137418 0.02425424
0.75827236 0.16711351 0.33634588 0.02392907
0.45134581 0.93264212 0.12903805 0.02977815
0.22075940 0.56589681 0.52264930 0.01945145
0.83718500 0.53079703 0.94314858 0.02664397
0.18437139 0.85998090 0.82748957 0.02049539
0.36918873 0.54143349 0.42040301 0.02519485
0.44988933 0.29975131 0.73882461 0.01960412
0.70717120 0.46438692 0.57754898 0.02104470
0.19152803 0.35659636 0.61856949 0.02301945
0.80825117 0.59231016 0.27238061 0.02281459
0.25932487 0.72934198 0.79718166 0.02244816
0.36816458 0.22072521 0.81314816 0.02294179
0.56976794 0.54861869 0.05082143 0.02296250
0.34845102 0.35577989 0.94584644 0.02368329
0.38950890 0.36272795 0.04819229 0.02146133
0.83855272 0.75385484 0.94800587 0.02393561
0.44487910 0.71922996 0.32973690 0.01973272
0.83096615 0.45941989 0.40320722 0.02224796
0.52285918 0.88514911 0.50997562 0.02024301
0.57122319 0.72837532 0.31243227 0.02028654
0.64994956 0.94742439 0.93035682 0.02355761
0.15072781 0.94092133 0.29461577 0.02489048
0.51539124 0.19668064 0.18200755 0.02286972
0.78080318 0.70581925 0.49475573 0.02195769
0.12221098 0.76352924 0.50118313 0.02583087
0.52415458 0.84395523 0.94653797 0.02224231
0.05073968 0.17784179 0.87732500 0.02235573
0.16606592 0.06314053 0.89533195 0.02146211
0.05728149 0.72516457 0.82388848 0.02242927
0.45823046 0.37903760 0.60061239 0.02101939
0.41502983 0.12038503 0.17739550 0.01922174
0.11706366 0.32780058 0.32971595 0.02247474
0.31263787 0.75777212 0.04637415 0.02024241
0.07011834 0.46730591 0.43047824 0.03195308
0.26580444 0.44044578 0.28600691 0.02167248
0.57654933 0.17197978 0.11798852 0.02578558
0.94073344 0.29604741 0.76667296 0.02086868
0.13081840 0.87933454 0.11737203 0.02217150
0.24985038 0.17219380 0.13625645 0.02107045
0.43468716 0.38320428 0.50688552 0.01993006
0.12391436 0.51329225 0.22464328 0.02456283
0.75872889 0.94103680 0.94249216 0.02423644
0.08708599 0.11577659 0.28491292 0.02224291
0.80438478 0.88583974 0.40365898 0.02813839
0.67358776 0.55796642 0.68763321 0.02135478
0.08041844 0.48477981 0.16698107 0.02646783
0.94213228 0.04796982 0.70518509 0.02075658
0.91493818 0.53784064 0.80029505 0.02263877
0.50275790 0.16774823 0.52459544 0.02368653
0.49300004 0.33675580 0.36427002 0.02087853
0.91683690 0.05956678 0.87664949 0.02080555
0.66657176 0.71784807 0.75261720 0.02691443
0.61478370 0.61835925 0.48797808 0.02084429
0.22760248 0.20876542 0.15441940 0.01986408
0.16360619 0.43725087 0.36692473 0.02917855
0.70415563 0.11329335 0.42769728 0.02738025
0.70861859 0.34357772 0.86783221 0.02219807
0.47920407 0.09526631 0.61919597 0.02585800
0.69716952 0.91177724 0.24840332 0.02232204
0.54229177 0.44364384 0.35546625 0.02384598
0.25060691 0.54703482 0.45279889 0.02299666
0.43338719 0.17541317 0.67281656 0.02280784
0.28388411 0.28808208 0.59532932 0.02040855
0.86989422 0.93178787 0.21099993 0.03109920
0.53633632 0.13273388 0.85947023 0.02157641
0.10883380 0.95097771 0.48813607 0.01982306
0.67652666 0.09298391 0.90158219 0.02005906
0.27235617 0.86061225 0.67910955 0.02091579
0.61618048 0.76583861 0.50718015 0.01920672
0.56312464 0.64089404 0.64077836 0.02100882
0.73116991 0.16543068 0.88459931 0.02123123
0.41262062 0.21639921 0.19146806 0.01983527
0.86564389 0.29182737 0.67905997 0.02162935
0.68199433 0.94060136 0.63862109 0.02259019
0.74760662 0.05474995 0.56026711 0.01932141
0.20405396 0.41444324 0.56438330 0.01981784
0.52451302 0.58379667 0.65182410 0.02553652
0.05459828 0.68112207 0.33484038 0.01908119
0.04808342 0.44608063 0.62169158 0.02185633
0.94437613 0.23101583 0.77143693 0.02671777
0.87596753 0.94992574 0.07692231 0.02287840
0.57656880 0.37713377 0.06268290 0.02557709
0.93636639 0.16986107 0.11638234 0.02645583
0.37459239 0.33302107 0.75393833 0.02372630
0.94588059 0.59710839 0.53055897 0.02714632
0.30041336 0.23610942 0.06211868 0.02507518
0.29696098 0.19590944 0.19187314 0.02501941
0.93361378 0.41507549 0.16151044 0.02153498
0.56535541 0.50832612 0.94069405 0.02089736
0.65822916 0.57117282 0.90137886 0.02260239
0.82296511 0.49922642 0.63197875 0.02401118
0.54806653 0.23971342 0.37734683 0.02571650
0.37373010 0.68550133 0.51281874 0.02340848
0.08183198 0.93812021 0.43042535 0.03575627
0.16508215 0.52344203 0.07880540 0.02171328
0.25820130 0.08323135 0.92629665 0.02286883
0.12464348 0.28458338 0.25138119 0.02606564
0.45199350 0.30216501 0.36218312 0.02116271
0.64705673 0.06517166 0.10375851 0.02248486
0.94869139 0.35731549 0.49998560 0.02420707
0.46902411 0.68572223 0.78533048 0.02074711
0.54910473 0.70761245 0.08442507 0.02100070
0.59772064 0.87247642 0.67841446 0.01938313
0.37630796 0.69227288 0.83390517 0.02128540
0.59702037 0.38727883 0.78348326 0.02549287
0.51393836 0.58215923 0.06883628 0.01961191
0.15379592 0.42598124 0.05889245 0.01930797
0.75529480 0.16915041 0.74249715 0.02338113
0.83338233 0.30749421 0.23517988 0.02344386
0.88253795 0.87918564 0.39108538 0.02356023
0.89750096 0.29741276 0.20755363 0.02149737
0.05808541 0.37296330 0.66587562 0.01990659
0.79984426 0.31889984 0.91632886 0.02633221
0.17278883 0.82014310 0.23040272 0.01910644
0.57343556 0.89456741 0.06086271 0.02093196
0.18396187 0.29472184 0.33925476 0.01960864
0.08225410 0.43935251 0.76097519 0.02067038
0.35241557 0.79648396 0.45205319 0.02606436
0.15415260 0.83411567 0.88786615 0.02412535
0.38529704 0.93491457 0.95340618 0.02042672
0.72234667 0.05023173 0.14902392 0.01970597
0.20961368 0.05209783 0.69549462 0.02058939
0.74932091 0.33902932 0.16053368 0.02161058
0.40914935 0.05595933 0.28677671 0.02804816
0.95031516 0.52411483 0.93180454 0.02101238
0.73668472 0.44917011 0.76389209 0.02177125
0.88564025 0.70644559 0.85072656 0.02940982
0.61040389 0.93873844 0.45501901 0.03524436
0.04624947 0.15562782 0.24578140 0.01932193
0.61856729 0.40426104 0.90637969 0.02399646
0.93000174 0.56885217 0.42548231 0.02147541
0.79240740 0.44273768 0.31641992 0.02313439
0.05421814 0.84469353 0.69692571 0.01995014
0.17867791 0.37633695 0.55954860 0.01952766
0.39077258 0.87835468 0.70936871 0.01972391
0.46233274 0.85061357 0.08809725 0.01984559
0.24428475 0.85946943 0.46039721 0.02442978
0.49643269 0.15810743 0.21843755 0.01903679
0.18836141 0.85347179 0.70547125 0.02670620
0.11827923 0.44655441 0.53465517 0.01969275
0.06597135 0.39202310 0.87880271 0.01990527
0.40842194 0.33081673 0.66883337 0.03238697
0.95173174 0.45437943 0.10161749 0.01985894
0.26863876 0.55108468 0.27162850 0.03047646
0.77641567 0.18954994 0.50021917 0.02450138
0.76151321 0.93124636 0.57641535 0.02758388
0.92955637 0.63923489 0.08115193 0.01965174
0.20582346 0.74768815 0.50279740 0.02883857
0.60741861 0.55629842 0.69660349 0.02018260
0.39806344 0.67173444 0.06917097 0.02476817
0.26474823 0.65933017 0.68455240 0.02497732
0.88773163 0.31654277 0.53835635 0.01922395
0.42908136 0.45492026 0.68248517 0.02043922
0.86192117 0.67792824 0.48998599 0.02281530
0.34008532 0.39489217 0.39401935 0.02336705
0.33631056 0.73893775 0.52953351 0.02589885
0.81694210 0.48846992 0.21225966 0.02716215
0.30013275 0.18375350 0.49986313 0.02051147
0.94885714 0.15000343 0.76360337 0.01968964
0.64514979 0.48389534 0.94341501 0.02545444
0.16582981 0.26362365 0.47873551 0.01920256
0.73803543 0.26569607 0.31500590 0.02225890
0.42312308 0.80870433 0.07284024 0.02082358
0.50017648 0.39554774 0.45055005 0.02050738
0.24716184 0.39290484 0.67965234 0.01918014
0.24345010 0.49456290 0.63874633 0.02431915
0.85852002 0.21596266 0.32926221 0.02055102
0.15781437 0.20319201 0.89128094 0.02122201
0.43377961 0.68712351 0.74064519 0.02043673
0.25725125 0.28312774 0.93123546 0.02480769
0.95328253 0.13932566 0.26942906 0.02010354
0.67790844 0.55387066 0.04945093 0.02328812
0.94356585 0.45751510 0.57887596 0.02190251
0.44076029 0.37113285 0.44009011 0.02385716
0.58769112 0.70092573 0.76420699 0.01995345
0.66433615 0.60568566 0.57691511 0.01957473
0.48968610 0.91837101 0.61036648 0.02913243
0.07397359 0.66835498 0.18080547 0.02767513
0.20999907 0.19455515 0.56944402 0.02345983
0.13426524 0.65916805 0.82728947 0.02201903
0.29008400 0.81613349 0.58604027 0.02417345
0.75158729 0.22431272 0.86766854 0.01998708
0.30608311 0.79120786 0.26328465 0.02341509
0.92655133 0.85795114 0.08721181 0.03297846
0.30151895 0.50774394 0.42296843 0.02527086
0.06982231 0.12005343 0.69828884 0.02089190
0.39190419 0.05568665 0.84611950 0.02001509
0.55724886 0.65321224 0.47391400 0.01915266
0.84500428 0.29370525 0.50602165 0.02021452
0.89945597 0.63373847 0.12126032 0.02126992
0.08543802 0.72761138 0.88772048 0.03286093
0.64612773 0.63859068 0.61014415 0.02005810
0.28625790 0.14914446 0.86919194 0.02318996
0.08047100 0.39245861 0.31358576 0.02016987
0.05685411 0.76115725 0.63704769 0.02353432
0.17687377 0.04645749 0.13616143 0.01932955
0.61603133 0.58339169 0.94898697 0.02264955
0.11871506 0.24004919 0.85833074 0.02503815
0.04989428 0.16010786 0.81572249 0.01995200
0.75406912 0.83470109 0.31432214 0.02059920
0.60613917 0.08463283 0.36532878 0.01986858
0.64339194 0.21616591 0.52074831 0.02187340
0.19306330 0.18303203 0.40087487 0.02765291
0.37690012 0.04938185 0.61587999 0.02331875
0.87447103 0.25996355 0.23329211 0.02133407
0.25755544 0.60681385 0.66044669 0.02046304
0.41984370 0.68692330 0.93056202 0.02640816
0.69533954 0.81520104 0.55213540 0.02102640
0.53262492 0.64402868 0.79357902 0.02387698
0.09051367 0.62176557 0.77475198 0.02006113
0.45832195 0.05721511 0.16201532 0.02304216
0.04784181 0.24293374 0.77136507 0.01905319
0.80623107 0.87583734 0.89093649 0.02091468
0.81775172 0.14669736 0.36229317 0.02142370
0.86979133 0.84321727 0.51048845 0.01941118
0.65642511 0.30274181 0.70342805 0.02209852
0.56850742 0.81827777 0.36535355 0.02040479
0.06078616 0.88265797 0.59677086 0.02315757
0.29934043 0.64556943 0.50560017 0.01983509
0.68870130 0.83898075 0.72280154 0.02546419
0.63077374 0.04890672 0.26794930 0.02268350
0.37622011 0.49131607 0.92240079 0.02074887
0.81040112 0.13038255 0.72806039 0.02171022
0.31466892 0.06427363 0.55515957 0.02586273
0.05721478 0.68267420 0.68395584 0.01909890
0.74985322 0.72138791 0.79352451 0.02643682
0.94225723 0.05283437 0.83772543 0.02117549
0.56449591 0.80991292 0.50621172 0.02542149
0.94658312 0.81875091 0.15401175 0.02465604
0.87474610 0.04655180 0.29300543 0.02008635
0.52715892 0.75258919 0.15945830 0.01934945
0.11008266 0.38006012 0.20878133 0.02507493
0.57119883 0.27367308 0.94728194 0.02002880
0.88198423 0.53203141 0.75806757 0.02038739
0.95171101 0.29149106 0.39300857 0.02088428
0.21445675 0.31097987 0.06826039 0.02640912
0.53087237 0.17974794 0.32749264 0.02534209
0.17171890 0.92977774 0.45084800 0.02481926
0.04594585 0.63270699 0.28419517 0.01973639
0.95134061 0.10185600 0.89140559 0.02253178
0.19014743 0.45719618 0.22555024 0.02075142
0.37415904 0.84915249 0.12804097 0.02073201
0.67974808 0.16316951 0.89258374 0.01927893
0.56715308 0.84843756 0.89719842 0.02340999
0.24617594 0.26922075 0.34942465 0.02665618
0.85172664 0.45927853 0.30699485 0.02010469
0.30611810 0.76152270 0.12970890 0.02152612
0.87511632 0.25348954 0.87386449 0.01923788
0.27091443 0.71156107 0.67556568 0.01997894
0.24141010 0.53030061 0.72405612 0.01968972
0.07699721 0.84759802 0.92773679 0.02137787
0.41435920 0.05097169 0.46145719 0.02151558
0.10364159 0.65847576 0.91197378 0.02195423
0.75921001 0.70456767 0.61857700 0.02160995
0.10406830 0.88642395 0.63361848 0.01940341
0.50566319 0.38597118 0.54962924 0.02393597
0.53547073 0.19484571 0.86130106 0.02564471
0.45621776 0.17625368 0.43167459 0.02262007
0.92917492 0.28603379 0.62134395 0.02298762
0.27524166 0.14855243 0.69954820 0.02643648
0.11703547 0.57089398 0.09713667 0.01903957
0.43470961 0.32726091 0.60316457 0.01938549
0.66500304 0.32470756 0.81916085 0.02247758
0.60235847 0.82618051 0.61423283 0.02197075
0.08841500 0.29817310 0.68398925 0.02175236
0.72852030 0.79071479 0.81594063 0.02462694
0.54899601 0.05053861 0.22602336 0.02052088
0.06638035 0.37497702 0.25199788 0.02424399
0.93357849 0.32672115 0.05482402 0.01929452
0.22873883 0.05176884 0.22857213 0.02226820
0.60921808 0.84380374 0.85824343 0.02472379
0.71393838 0.65494196 0.82558585 0.02134489
0.91033421 0.95229150 0.47706343 0.02042807
0.18467861 0.83216532 0.60449503 0.02021057
0.81552596 0.85181941 0.69694192 0.01994875
0.64983138 0.67233068 0.85696190 0.02667105
0.71088415 0.27946149 0.50507393 0.02168462
0.15988578 0.11534224 0.31794980 0.02109663
0.94968690 0.23147909 0.69824435 0.02032921
0.81055543 0.28752379 0.11518043 0.02656759
0.13441899 0.87925365 0.46520560 0.02255794
0.33643656 0.84063263 0.93764497 0.02014925
0.34907904 0.15899243 0.21352437 0.02033142
0.18329653 0.54912744 0.36247406 0.01984980
0.71055915 0.04781319 0.06271643 0.02060785
0.93237021 0.66636409 0.61852158 0.02537101
0.66140089 0.77703186 0.41108441 0.01908266
0.52065671 0.49669616 0.38109315 0.02300154
0.64623994 0.57726101 0.08491495 0.02178256
0.39703721 0.38149179 0.83667812 0.01952365
0.14971421 0.68479526 0.17257111 0.01960592
0.66842692 0.46575602 0.40198737 0.02291250
0.22087571 0.58514933 0.39516917 0.02899787
0.54862347 0.54616974 0.39716618 0.01939818
0.60000592 0.15896329 0.78372842 0.03060889
0.07200339 0.77896525 0.78819120 0.01992289
0.57027734 0.26368969 0.04918267 0.01983154
0.17256422 0.25868629 0.59517762 0.01994796
0.60868408 0.17655823 0.25166019 0.01983664
0.04479580 0.91471721 0.22199977 0.01907714
0.65014573 0.07766734 0.50393676 0.02108167
0.75550389 0.47292656 0.95357148 0.01913841
0.42598692 0.91337106 0.59870153 0.02202534
0.50411752 0.31703940 0.79184515 0.01937816
0.15158565 0.26001981 0.34406733 0.02030630
0.58918543 0.51794515 0.54410138 0.02049133
0.85214745 0.63756392 0.83751740 0.02156873
0.65032744 0.27945172 0.78223780 0.01937718
0.46699598 0.68273890 0.31647623 0.01909524
0.58127876 0.69528848 0.16773652 0.02205293
0.36636364 0.94087892 0.90396151 0.02650467
0.70707357 0.17395355 0.60341727 0.02310985
0.38642894 0.79873766 0.35417470 0.02477535
0.77819407 0.93642605 0.48047243 0.02053356
0.06166250 0.05548359 0.78440167 0.02251761
0.76735456 0.28377948 0.63457997 0.01918791
0.79652357 0.06679002 0.44942572 0.02648211
0.23337417 0.05679933 0.49180999 0.02409326
0.62301885 0.93287839 0.25774585 0.02133552
0.91567819 0.57531064 0.47311863 0.02178974
0.15453089 0.92825637 0.81151439 0.02151606
0.22260596 0.27043213 0.39727248 0.02087029
0.67341864 0.61874545 0.87237282 0.01988898
0.46396400 0.62767236 0.10983576 0.02132761
0.53151426 0.68386691 0.57422760 0.02120634
0.60456301 0.09540362 0.81528623 0.02153216
0.17762512 0.17432654 0.82081259 0.01975188
0.69670261 0.46435305 0.51674389 0.02505571
0.40613640 0.65277690 0.76931009 0.02027644
0.66246727 0.61350916 0.35933188 0.01986920
0.71184170 0.61408912 0.15152202 0.02388712
0.34185594 0.58719168 0.43979244 0.02078976
0.40043487 0.14612106 0.08519315 0.02105204
0.54540714 0.11267882 0.36371828 0.02548781
0.95137385 0.38776122 0.91323963 0.01931517
0.39624111 0.61574304 0.92677467 0.02353698
0.25502010 0.95323192 0.30229421 0.02046697
0.20089776 0.67285435 0.35386523 0.01998994
0.63938223 0.75251447 0.45665677 0.01900415
0.86131812 0.94485754 0.62245875 0.01970606
0.55815613 0.93075706 0.48745414 0.02104609
0.29035304 0.36075939 0.67808192 0.02535203
0.12983726 0.10120726 0.26827540 0.01932504
0.93037327 0.91440359 0.05432849 0.02724163
0.62559633 0.33892585 0.89226983 0.02512205
0.75748778 0.71536515 0.69475594 0.02396455
0.81431938 0.60047361 0.57143326 0.02014786
0.38805391 0.62700974 0.71048856 0.02386420
0.20725942 0.30274439 0.88016832 0.02031045
0.62602119 0.95121954 0.63909373 0.02241750
0.13660771 0.41659913 0.64306300 0.02467054
0.76630228 0.29881230 0.39110654 0.02063594
0.47272225 0.20016932 0.76374697 0.02365354
0.74979583 0.95255148 0.28167493 0.02182114
0.32337201 0.73560629 0.39316812 0.02205246
0.12172692 0.25530363 0.07028989 0.02189447
0.44204241 0.21839078 0.94755575 0.02015463
0.17824908 0.11359837 0.69191404 0.02217059
0.31049597 0.25034434 0.43645937 0.01990486
0.62004012 0.25842145 0.08366972 0.02114556
0.93442126 0.16422179 0.53971320 0.01991949
0.88810282 0.26591166 0.76999133 0.02836065
0.44948244 0.55761097 0.21514393 0.01905250
0.11427301 0.84490183 0.61462856 0.02158602
0.61897376 0.85594546 0.40430803 0.01965489
0.23315461 0.15963799 0.45630861 0.01951472
0.43987565 0.38657843 0.73051361 0.01920267
0.68431322 0.55266002 0.94320934 0.02264796
0.70125248 0.50215245 0.90901520 0.03125482
0.10963943 0.71009158 0.05259079 0.02533599
0.27241835 0.55354026 0.50908907 0.02475140
0.27270350 0.75278802 0.61543565 0.01915447
0.76547461 0.32559674 0.06652993 0.02427150
0.31703900 0.83159459 0.43169541 0.01925569
0.48577598 0.50574604 0.81831743 0.02044498
0.78016629 0.90872583 0.35995953 0.02145806
0.13797369 0.88899113 0.95225327 0.02030577
0.40573686 0.40610265 0.39560658 0.02824025
0.42666180 0.12487720 0.13209579 0.02193778
0.23656672 0.64594645 0.12379443 0.01920308
0.14874850 0.93453451 0.16669689 0.02280677
0.70297417 0.05326283 0.62324681 0.02076676
0.30174416 0.81580259 0.86317377 0.02376255
0.15031763 0.19422878 0.20763098 0.02234230
0.50700887 0.74227460 0.34951232 0.02927728
0.27830438 0.10737468 0.30001217 0.02116865
0.44650182 0.46569251 0.08015422 0.01900432
0.73746636 0.42421093 0.17755115 0.02149710
0.74782733 0.84564499 0.12805002 0.01957795
0.32387937 0.32597001 0.22404863 0.02137194
0.67632489 0.37850766 0.41319202 0.02651639
0.90521673 0.24916862 0.36000748 0.02291776
0.76368671 0.94645105 0.05891780 0.01934659
0.71516227 0.70019015 0.44949716 0.02267760
0.47976526 0.49127361 0.34431192 0.02360906
0.35885567 0.60668571 0.88082280 0.02174607
0.79655589 0.24824939 0.81622481 0.02187801
0.94717771 0.71865582 0.57992749 0.02261716
0.46630217 0.14789329 0.25338391 0.01955951
0.37167808 0.41934718 0.64933001 0.02003803
0.46052834 0.81067171 0.67542781 0.02331224
0.74555662 0.84196425 0.18243528 0.02098141
0.16411508 0.67826115 0.73780755 0.02378389
0.21358393 0.80131727 0.71808376 0.02113736
0.12688639 0.06044990 0.55560614 0.01918701
0.87253344 0.05113961 0.72974105 0.01933178
0.93757481 0.31391675 0.55457871 0.02425187
0.95082571 0.70591124 0.15059919 0.02029694
0.81143661 0.66451889 0.36135131 0.02267640
0.78083929 0.64216567 0.93749520 0.01944772
0.66437299 0.62325270 0.16936877 0.02236789
0.40867354 0.43497639 0.54162915 0.02065234
0.85361530 0.54369573 0.05649938 0.02002106
0.36199451 0.22392806 0.32351242 0.01903761
0.51474857 0.74531369 0.74602064 0.02325434
0.92726190 0.78263371 0.70469616 0.02098150
0.34347691 0.44704670 0.20491334 0.02315636
0.23324982 0.52389085 0.67844752 0.01905709
0.83651185 0.37865846 0.91879811 0.02004839
0.70267360 0.33409397 0.28732615 0.02174551
0.32452849 0.30147948 0.93155925 0.01926739
0.80760018 0.30748776 0.35103282 0.02360720
0.38714901 0.35160389 0.39166420 0.02191466
0.93714447 0.23197274 0.83970033 0.02278716
0.05000118 0.05702567 0.49966185 0.02211979
0.76597411 0.77995528 0.51961495 0.01905765
0.94449180 0.22037954 0.45596336 0.02284386
0.25087931 0.69225385 0.52310845 0.02168579
0.63884089 0.38781326 0.71688954 0.01968269
0.72789486 0.67012276 0.04865695 0.01949675
0.85231460 0.12611099 0.63854236 0.02010675
0.78361863 0.12692773 0.87670045 0.02698243
0.25424801 0.17910790 0.34762595 0.01986205
0.17248210 0.68558609 0.05499342 0.02400584
0.85467160 0.70313839 0.05348134 0.02651811
0.95094614 0.74681525 0.74867133 0.02028088
0.69646447 0.41292023 0.55339586 0.02067300
0.31724667 0.70059774 0.76493621 0.02038442
0.43722413 0.94502899 0.46404732 0.02063480
0.89811637 0.89332427 0.94463106 0.02360490
0.58595656 0.93434987 0.72896128 0.02706464
0.50130223 0.49240318 0.43278732 0.02166074
0.20884361 0.77536840 0.11954266 0.02247777
0.38984198 0.17165605 0.43926209 0.02016355
0.34034439 0.16341205 0.26098557 0.01945878
0.26627137 0.19302062 0.84685625 0.02177556
0.40275169 0.28721945 0.37435253 0.02622116
0.13918322 0.78554680 0.10012974 0.02767981
0.88808355 0.35311612 0.24374274 0.01960174
0.10027056 0.68197717 0.58843707 0.01913913
0.43045837 0.94721954 0.72732061 0.02671829
0.76397678 0.49725558 0.44987428 0.02035674
0.05139773 0.43716553 0.35675819 0.02148644
0.59916775 0.70457641 0.45372191 0.02220771
0.27155266 0.86079201 0.94385038 0.01924486
0.14268289 0.41171254 0.82066146 0.02521300
0.71209543 0.75897029 0.25607788 0.02376890
0.71023570 0.13990304 0.19114495 0.02410202
0.46591433 0.71560107 0.70620769 0.02263211
0.92461634 0.17473184 0.73081379 0.01982561
0.40592804 0.12794394 0.32469591 0.02560955
0.58717433 0.65433320 0.05109994 0.01941048
0.47239252 0.85368850 0.36553301 0.02070809
0.67931943 0.93665440 0.12345101 0.02747407
0.64827874 0.61520036 0.28978349 0.02034222
0.31196417 0.63522666 0.62570697 0.01960159
0.46343494 0.82148107 0.29711398 0.01988921
0.36235460 0.63316297 0.39380039 0.02735321
0.80414586 0.56544153 0.32785275 0.01935347
0.40147381 0.48191685 0.05103268 0.02496667
0.05907590 0.55024537 0.12407276 0.01931318
0.42115179 0.85858065 0.05820141 0.02140734
0.64210068 0.33914295 0.22091684 0.01998097
0.32216881 0.41476757 0.85013042 0.02687299
0.43635253 0.59137065 0.70388958 0.02687976
0.91050370 0.06043690 0.44791321 0.01936046
0.33642367 0.47680085 0.05827387 0.02475594
0.77294345 0.51020499 0.39878339 0.02519727
0.34892674 0.75590952 0.30587825 0.01926998
0.61501213 0.60826470 0.40368056 0.02446335
0.22995114 0.33956850 0.37037724 0.02376143
0.79412896 0.90176798 0.77670419 0.02066836
0.18827409 0.15821428 0.94114512 0.03004086
0.44515820 0.64392027 0.67769449 0.01932395
0.63002553 0.52605016 0.33070255 0.02023487
0.09393563 0.79060584 0.66479073 0.01934374
0.49208013 0.61116169 0.22360800 0.02071877
0.53683635 0.35219219 0.09914803 0.01983528
0.69338519 0.09228836 0.27256453 0.02417233
0.42332787 0.78305159 0.89150377 0.01916806
0.49239721 0.41178899 0.71046692 0.02097534
0.56379963 0.17789960 0.62190206 0.02346459
0.42587005 0.53520531 0.86363197 0.02082033
0.85406086 0.48685625 0.05038557 0.02235107
0.94776629 0.89965903 0.63783400 0.02212146
0.23561274 0.90605514 0.82250524 0.02027532
0.90113520 0.12465920 0.51873870 0.02497982
0.37621672 0.21207385 0.54978954 0.01997361
0.35138161 0.32904001 0.68408242 0.02060133
0.13958421 0.75320485 0.74617850 0.01908311
0.30735832 0.21845265 0.59646509 0.02183384
0.16066180 0.56564048 0.32156440 0.02119549
0.93704915 0.94925806 0.23343964 0.02347376
0.75885316 0.65453004 0.52042391 0.02196843
0.91949225 0.78445578 0.25284232 0.02209301
0.22993182 0.64278837 0.28464281 0.02455587
0.26466639 0.29121650 0.09756262 0.01901482
0.40036116 0.79374231 0.13743262 0.01937323
0.95172442 0.41687432 0.04821532 0.02177549
0.17214487 0.78633769 0.56115153 0.02294611
0.26801090 0.23003907 0.55669668 0.02585618
0.13626387 0.36016485 0.61005151 0.02049997
0.55054581 0.69638180 0.87863678 0.01905749
0.77872653 0.27536669 0.94973112 0.02036707
0.32765638 0.52838314 0.53258853 0.01971634
0.35048139 0.47428207 0.51748886 0.01949808
0.94987008 0.04683801 0.11413136 0.02045663
0.48676595 0.21380137 0.55149107 0.02061684
0.19699284 0.75775420 0.35539654 0.02176036
0.30392463 0.41286927 0.74906631 0.02319793
0.47822280 0.14921273 0.15575428 0.02541105
0.77022004 0.19726699 0.67733850 0.02412901
0.79875540 0.49923480 0.57969072 0.02171022
0.94341653 0.62393596 0.86571051 0.02024410
0.51254161 0.19537580 0.70111029 0.02287172
0.57875220 0.35309179 0.65976789 0.01913258
0.76410264 0.47081360 0.21893914 0.02013984
0.53126868 0.44567146 0.73588196 0.01900015
0.47055575 0.12292817 0.41009086 0.02120236
0.23110268 0.33500980 0.70191199 0.02063665
0.89485622 0.37728575 0.43750210 0.02274723
0.58976788 0.58418702 0.07904710 0.02150505
0.94868245 0.56650307 0.89324420 0.02214738
0.25953118 0.04623933 0.06971510 0.01916636
0.89417935 0.67475806 0.76131063 0.01940276
0.31248750 0.87654193 0.33218521 0.02076461
0.77852264 0.20216113 0.07838625 0.02147046
0.86790655 0.58231061 0.32800200 0.01966392
0.79327845 0.33139637 0.65308564 0.01995225
0.62734247 0.56545288 0.64779006 0.02294895
0.30639408 0.27664533 0.80330317 0.02007548
0.34161240 0.05024649 0.47237199 0.02073595
0.82621483 0.39500657 0.25665458 0.01939105
0.93517705 0.63711348 0.74367248 0.01987820
0.12803384 0.67803451 0.87614147 0.01915922
0.56865894 0.06877568 0.68841114 0.03177596
0.12944347 0.57408338 0.49986117 0.02047293
0.05523717 0.44853976 0.87246782 0.02149922
0.44863712 0.89971981 0.95038785 0.02298482
0.21182882 0.32467600 0.77168806 0.02816795
0.45023858 0.06794309 0.89288387 0.02118875
0.70019304 0.82976265 0.20283278 0.02021523
0.40506130 0.41975913 0.05065771 0.02282532
0.57178114 0.88603402 0.94097092 0.02034736
0.74926905 0.07072564 0.28317169 0.02096138
0.66999275 0.34452453 0.05371283 0.01969598
0.17934557 0.72863879 0.85608573 0.01982236
0.58287812 0.46230673 0.61074975 0.03029748
0.08868127 0.52544212 0.94087191 0.02066790
0.87349553 0.82873849 0.08344715 0.02129206
0.74192500 0.37630325 0.23305404 0.01967874
0.50543331 0.88491064 0.77490335 0.02298751
0.27098609 0.67050866 0.95151667 0.02052993
0.92020498 0.24091007 0.12495025 0.02439249
0.18417246 0.53646407 0.88588799 0.01978611
0.56918424 0.54216904 0.22907160 0.02151530
0.61586667 0.81824485 0.94973885 0.02259359
0.51674673 0.52590123 0.63092400 0.01984879
0.49434761 0.87873953 0.19630926 0.02396536
0.85455970 0.69403664 0.91703630 0.02168888
0.39962811 0.24696036 0.16065938 0.01992105
0.16328166 0.92959454 0.61861884 0.02096209
0.87252303 0.39743474 0.47842760 0.02104562
0.77916126 0.35727656 0.41776238 0.02307821
0.85002280 0.35670975 0.08189277 0.01951945
0.11136345 0.61377608 0.26370156 0.01933902
0.68633429 0.12760635 0.48581999 0.02411813
0.90837000 0.53074076 0.17355271 0.01998250
0.12537106 0.32830534 0.21549437 0.01978416
0.11868048 0.29895621 0.38037857 0.02338237
0.60254171 0.93813754 0.94298542 0.02160196
0.85129343 0.30823888 0.95111613 0.02003581
0.29585472 0.58424460 0.41469137 0.02278589
0.78708435 0.86957691 0.19088100 0.02225530
0.87226978 0.43304700 0.64170982 0.02073185
0.04815441 0.08114830 0.84062674 0.01953885
0.38134731 0.91905381 0.05446740 0.02028782
0.14011890 0.40427990 0.94576747 0.02266033
0.30102814 0.94112218 0.36449967 0.01936776
0.21733511 0.45911273 0.36986840 0.02093463
0.66087322 0.89471935 0.42937233 0.02099455
0.84790969 0.46962484 0.78739255 0.01951245
0.46541130 0.30793601 0.28075169 0.01960372
0.61803483 0.07337498 0.94308082 0.02570984
0.29832229 0.55645753 0.13345221 0.02083430
0.58899110 0.56041342 0.18719661 0.02025259
0.81438355 0.05103367 0.85266416 0.02112130
0.70769065 0.39664236 0.88224770 0.02172709
0.69222977 0.26132772 0.16490075 0.01946729
0.33423724 0.42236365 0.06773693 0.01916081
0.25629751 0.94825740 0.71746487 0.02133200
0.06850970 0.28670067 0.11571859 0.01957545
0.47822482 0.69384515 0.14079676 0.02601956
0.04734333 0.64389652 0.58033112 0.02035098
0.69687868 0.59869308 0.43271649 0.02203272
0.71787903 0.42259097 0.13444515 0.01915553
0.17372221 0.47600566 0.62259885 0.02281770
0.12648591 0.06823816 0.16588389 0.02152330
0.75457514 0.61725324 0.81516923 0.02083603
0.18214928 0.32247676 0.54072547 0.02606689
0.48511831 0.95179872 0.85131191 0.02058921
0.80092769 0.83104525 0.33300010 0.02034666
0.13010688 0.25471806 0.19513057 0.02596364
0.95254627 0.93425031 0.81378734 0.01918055
0.46356519 0.41050946 0.15450846 0.02421235
0.57982037 0.11889380 0.04872020 0.02161452
0.27722490 0.81010931 0.71547254 0.02245184
0.60233063 0.95015460 0.29988387 0.02045153
0.46623440 0.06028993 0.47894593 0.02332243
0.24491750 0.09808937 0.65321640 0.02106633
0.68988118 0.49658975 0.34744365 0.02844729
0.60347969 0.94697479 0.86473851 0.02063047
0.93533737 0.72501734 0.81783693 0.02074271
0.72375856 0.71805324 0.06788760 0.01928163
0.36522962 0.91151954 0.52976474 0.02330479
0.24048602 0.76476276 0.37856090 0.02012373
0.95220401 0.64153182 0.13194596 0.02068724
0.87112393 0.92221034 0.74612713 0.02639229
0.10846577 0.33404269 0.94796905 0.01967552
0.24611189 0.15304980 0.63016488 0.02340191
0.42409763 0.21045851 0.06639744 0.01920328
0.06587549 0.07268094 0.45485181 0.02153182
0.60488824 0.45886102 0.25612934 0.01948848
0.75845067 0.82823406 0.65073629 0.01946026
0.65845488 0.79702889 0.45131641 0.02080224
0.76744142 0.23163726 0.40960346 0.02202733
0.32106486 0.04820081 0.20024684 0.02190034
0.95124298 0.82322931 0.29060770 0.02027245
0.54469760 0.88306334 0.24904913 0.02511350
0.27037535 0.94883259 0.52395025 0.02274145
0.83243570 0.24134352 0.49941133 0.02358006
0.63925107 0.55765834 0.58614181 0.02384914
0.27161585 0.30703063 0.55339407 0.01929619
0.75001023 0.05420427 0.76281753 0.02303231
0.22645245 0.08148631 0.28072527 0.02188005
0.28904038 0.61102493 0.30148871 0.01949887
0.31543385 0.49006631 0.19538597 0.02024759
0.50772809 0.76941340 0.85000879 0.02129989
0.20467415 0.18795849 0.75336070 0.02068350
0.33146322 0.05690649 0.65421234 0.02620745
0.71446540 0.73167348 0.50667118 0.02027829
0.38106246 0.44384152 0.35501132 0.01921676
0.51147488 0.89736289 0.66936910 0.02573718
0.06010869 0.61937257 0.94995111 0.02390237
0.92026738 0.36058649 0.73200503 0.02452016
0.44462242 0.30738125 0.91792504 0.02117354
0.85471679 0.25309164 0.60275392 0.01937939
0.24939089 0.95036204 0.92229546 0.02084211
0.93800337 0.44783616 0.62548978 0.02086902
0.32496617 0.93300007 0.41673648 0.01964126
0.79578702 0.11232221 0.54761272 0.02441489
0.05085664 0.52273585 0.49746595 0.02003092
0.19973555 0.18217657 0.05356263 0.02347790
0.37092231 0.31197338 0.07401026 0.02037896
0.58832501 0.83144210 0.69861510 0.01947869
0.90562301 0.93452935 0.40112345 0.02126333
0.39199887 0.42881884 0.14853820 0.03193679
0.53983696 0.80189302 0.17305220 0.02124576
0.74756018 0.40644824 0.06522855 0.01996352
0.82986634 0.25111388 0.36751543 0.02146908
0.92601416 0.05591918 0.16919202 0.02652149
0.29980781 0.94796087 0.24210205 0.02410672
0.22979175 0.48938064 0.13474432 0.02019698
0.86825053 0.44543769 0.69553350 0.02515499
0.13923974 0.64065963 0.31248828 0.02500250
0.88214044 0.77523178 0.12676039 0.01916402
0.29880668 0.37866438 0.93739576 0.02066914
0.71895990 0.86069251 0.24822399 0.02269349
0.41186468 0.76114044 0.67556522 0.02104394
0.94872614 0.10360157 0.17158806 0.01985492
0.80225579 0.82798110 0.38694983 0.02158513
0.39998345 0.41174315 0.77725371 0.01913333
0.35932484 0.88945969 0.09320261 0.01932998
0.94651842 0.58054552 0.84094743 0.02128280
0.37653263 0.70154654 0.41023526 0.02061160
0.47727345 0.24001887 0.05157352 0.02226636
0.85619921 0.43888009 0.59954740 0.01971425
0.77519761 0.37773211 0.51279917 0.01985854
0.56293521 0.21545688 0.29187779 0.02242724
0.52303764 0.38497657 0.16582669 0.02422896
0.15328754 0.83661560 0.10169328 0.01929198
0.24383429 0.88770418 0.06681236 0.01956301
0.93951198 0.06797589 0.93184297 0.02044426
0.73150937 0.92939688 0.46451650 0.02006307
0.05345208 0.10103400 0.22289257 0.02346779
0.21292331 0.61764184 0.44551395 0.02275608
0.91644732 0.94665717 0.66357054 0.01949030
0.28773897 0.12050414 0.60157242 0.02149763
0.55507870 0.49477676 0.05995101 0.01977677
0.59608966 0.94223962 0.08754471 0.02164079
0.61829447 0.48418595 0.37073649 0.02465243
0.80552592 0.47184729 0.67910595 0.01984865
0.94008178 0.21493079 0.52122988 0.01918473
0.33963881 0.59154956 0.48891490 0.02168780
0.50986497 0.10504709 0.83107637 0.01969347
0.30635004 0.60306335 0.68252337 0.01994303
0.05242461 0.06972891 0.72679440 0.02450256
0.04647781 0.26686451 0.16534936 0.01956480
0.64618722 0.05260602 0.34016618 0.02136430
0.95154349 0.36993951 0.17539155 0.02202059
0.66234741 0.84199196 0.95034192 0.01936896
0.32730101 0.31658806 0.43170460 0.02359639
0.68956396 0.23749633 0.86879598 0.01997311
0.80373363 0.89784730 0.68356085 0.02128280
0.82278944 0.68145216 0.62836342 0.02419630
0.86815694 0.64993910 0.61598620 0.02030002
0.64434045 0.85714221 0.06948585 0.02314888
0.05463077 0.60695723 0.61093227 0.02163421
0.95042601 0.64096258 0.35567337 0.02193333
0.50412181 0.22492607 0.95212329 0.02098531
0.43588582 0.27864956 0.59576591 0.02070562
0.15730386 0.41493334 0.52023472 0.02288589
0.46461092 0.07373764 0.66863946 0.01903408
0.05084125 0.80976748 0.93290900 0.01917515
0.65172386 0.33218624 0.94930036 0.01943866
0.15526571 0.32742418 0.29296365 0.02312328
0.27282431 0.48388969 0.68397378 0.01928229
0.30210836 0.35744087 0.57159921 0.02020186
0.42233774 0.52266374 0.09029853 0.02112231
0.44318880 0.49366706 0.43877475 0.02246149
0.76091527 0.24075598 0.90903074 0.02004625
0.64918892 0.21603505 0.90019159 0.01937883
0.69103464 0.69498761 0.52334322 0.02033305
0.38262558 0.84822951 0.66734524 0.01973030
0.77727612 0.30498255 0.48267833 0.01915451
0.51110729 0.92314063 0.23244315 0.02453207
0.05261242 0.19979131 0.21084092 0.02077534
0.65003585 0.24965477 0.93490973 0.01909392
0.77387349 0.63288032 0.10613367 0.02088121
0.64682077 0.75749005 0.10820202 0.02090980
0.95157549 0.87614043 0.48368337 0.02124080
0.78363687 0.80837004 0.88433173 0.02281911
0.51898094 0.63106263 0.46522370 0.01971363
0.79965464 0.17504067 0.11672694 0.02323337
0.68647984 0.59301130 0.54028586 0.01910327
0.49093889 0.94658106 0.32740474 0.02072688
0.66679923 0.69047339 0.34077289 0.01930928
0.70056873 0.09194464 0.78827520 0.02300013
0.23680462 0.04891314 0.58441148 0.02007580
0.69651015 0.36796141 0.76864306 0.01951009
0.06232867 0.78654875 0.32417414 0.02422834
0.50539262 0.61391825 0.30134908 0.02229208
0.39656027 0.86492995 0.34672917 0.02047446
0.81149840 0.46765681 0.36070931 0.01996636
0.19673348 0.29124202 0.92877069 0.01946271
0.43551156 0.35691357 0.82955933 0.02030751
0.19186835 0.49835055 0.15974461 0.02025785
0.79779131 0.48105365 0.74083643 0.02240343
0.44562880 0.73287431 0.64979452 0.02338690
0.70939509 0.18136189 0.95157280 0.02025865
0.35288066 0.05511554 0.25906417 0.02368698
0.22300770 0.46769998 0.18597647 0.01930799
0.22752857 0.18744284 0.80800747 0.02048351
0.46206606 0.45675271 0.91741626 0.02052213
0.75753413 0.28442255 0.16869354 0.02239702
0.85040917 0.34179312 0.54776406 0.02104089
0.84056679 0.21372529 0.21964437 0.02594183
0.63794177 0.21448080 0.13874796 0.01987289
0.07060636 0.66837123 0.38723083 0.01948263
0.39581971 0.76536850 0.93140189 0.01935465
0.81049441 0.94321256 0.40742098 0.02081283
0.81062011 0.50756421 0.82977290 0.02346635
0.26434829 0.54833364 0.75988208 0.02100167
0.75778561 0.62469622 0.16685499 0.02079939
0.28892343 0.70646671 0.15005529 0.02050582
0.17959738 0.83025914 0.43990638 0.01932253
0.45541766 0.43310656 0.73655125 0.02047590
0.34577091 0.17137993 0.45097904 0.02006958
0.53781149 0.43188579 0.42414004 0.02325313
0.48214524 0.81660653 0.05993930 0.02218631
0.27755908 0.65714028 0.54659698 0.02035356
0.05041958 0.52728699 0.43154326 0.02368432
0.69299996 0.27290801 0.67668327 0.01969300
0.11683807 0.66074036 0.40270458 0.02364697
0.62187398 0.40927428 0.57239335 0.01973797
0.25228304 0.37568785 0.44889864 0.02548721
0.53952089 0.63171265 0.92241592 0.02052465
0.25670055 0.52260593 0.59304884 0.02035307
0.51250759 0.89433830 0.14244180 0.02015059
0.04717834 0.11127292 0.33013694 0.01948134
0.75231655 0.46379677 0.90353168 0.01939684
0.86911805 0.24534348 0.18716515 0.02219546
0.06189976 0.62211276 0.89719777 0.01991730
0.82057970 0.17023103 0.67136576 0.01909214
0.71136593 0.10360695 0.32999913 0.01908293
0.53154769 0.76187181 0.55772529 0.02300412
0.64704074 0.07051941 0.45199635 0.01971447
0.95298025 0.77866387 0.20182726 0.02052930
0.14694160 0.05338063 0.05120510 0.02053030
0.58493638 0.23622880 0.23341946 0.01953196
0.35589801 0.49446938 0.75007950 0.02141417
0.05889030 0.50669910 0.21998005 0.02139390
0.85873932 0.31972846 0.82306187 0.01906760
0.72945504 0.64460390 0.69665089 0.01978584
0.94580059 0.44198154 0.41242676 0.02242382
0.36148775 0.11220615 0.36182440 0.01951929
0.35274805 0.20821543 0.15855610 0.02018485
0.93738341 0.73050505 0.30904832 0.01988179
0.44155486 0.43911671 0.63822154 0.01960233
0.41450615 0.06474885 0.80374572 0.02324645
0.18585500 0.49967076 0.45682303 0.01988026
0.37040286 0.22759613 0.94613155 0.02571198
0.14225374 0.74469765 0.65507434 0.01953155
0.30857326 0.91767469 0.55197906 0.02038807
0.05191517 0.60101495 0.50727148 0.02497047
0.11443328 0.79028054 0.40398176 0.01939183
0.09781881 0.92051053 0.27974180 0.01980050
0.16729403 0.62040566 0.91530382 0.02262876
0.68222422 0.65514661 0.13891912 0.02032721
0.28915710 0.32661040 0.77670501 0.02095021
0.32373764 0.45903388 0.45663243 0.02043428
0.86047124 0.56805198 0.54680537 0.02597360
0.93984383 0.83478086 0.83286093 0.01966133
0.88562786 0.93584353 0.15610442 0.02087226
0.87128655 0.18554988 0.73272959 0.01949167
0.07171888 0.51822714 0.33046484 0.02008709
0.30582185 0.20956835 0.45403046 0.01946488
0.14802591 0.14833470 0.05199486 0.01906753
0.04848854 0.38683755 0.44438172 0.01981124
0.58994460 0.64988897 0.70241281 0.01965937
0.09656725 0.93482920 0.11960635 0.01974236
0.48785539 0.39351423 0.63763899 0.02060182
0.61035394 0.29373256 0.52291385 0.02045701
0.50142459 0.80051702 0.94377377 0.02072127
0.35678981 0.05737755 0.79032339 0.02363094
0.86365198 0.53509355 0.63532795 0.01939978
0.37042367 0.37729984 0.27991066 0.02028472
0.60976441 0.24688731 0.58209062 0.02234474
0.05542275 0.32087402 0.81069513 0.02009499
0.50681227 0.08633999 0.49449091 0.02255374
0.86465755 0.54283408 0.80606316 0.02049556
0.95106239 0.35917340 0.78841776 0.01903501
0.94579963 0.51689033 0.27175578 0.02641446
0.33929699 0.34541072 0.52817595 0.01922782
0.64737739 0.47156013 0.13592330 0.02107693
0.09173916 0.04880945 0.82349653 0.02101218
0.58660919 0.74972584 0.79461984 0.02172069
0.41899666 0.09722833 0.59102667 0.02774994
0.49869433 0.66921351 0.88715238 0.02176201
0.58079511 0.81158832 0.30872250 0.02703872
0.83143335 0.55249563 0.72598008 0.02198071
0.87460720 0.78766703 0.94741629 0.02055388
0.48109078 0.33806614 0.57340359 0.02373649
0.82621693 0.54778482 0.58177565 0.02161049
0.90117795 0.94863728 0.54453941 0.02135114
0.52375427 0.38681865 0.41184323 0.01978430
0.05045891 0.15397128 0.06825500 0.02137584
0.04854563 0.32349853 0.23776058 0.01923620
0.68843137 0.80520601 0.78030613 0.01978059
0.35220662 0.60759767 0.05520728 0.02241055
0.16061443 0.20309488 0.70010379 0.01913392
0.64935327 0.14940218 0.80749874 0.01904068
0.32908425 0.24499803 0.69543037 0.02424538
0.86495431 0.15206927 0.33754276 0.02313338
0.79439425 0.04760314 0.26435761 0.02020687
0.29585188 0.08350421 0.79383832 0.01967279
0.80926000 0.42531194 0.70049408 0.02426511
0.15366656 0.18375879 0.56410366 0.02357743
0.63401952 0.37570948 0.05315381 0.02054027
0.89673316 0.05168210 0.22635269 0.02217771
0.52993233 0.92716423 0.78530813 0.02086107
0.69583700 0.59913012 0.06862406 0.02128725
0.41531039 0.22365374 0.24323763 0.02184164
0.58069459 0.15865648 0.72314112 0.02005156
0.94346182 0.50135454 0.73201917 0.02466782
0.51975788 0.12127069 0.58337602 0.01906648
0.80067517 0.41517286 0.51316939 0.01947858
0.56225688 0.80532769 0.22174724 0.01953232
0.73966178 0.31997030 0.81354083 0.02068969
0.15863729 0.10857013 0.62701370 0.02432505
0.05553423 0.76028465 0.93320915 0.02104958
0.94879395 0.94789713 0.37334956 0.02454610
0.44834969 0.67968365 0.61156482 0.02045718
0.22205999 0.04731318 0.36972774 0.01968794
0.87143395 0.18185803 0.65566819 0.02023857
0.95479806 0.94035873 0.89963430 0.01928896
0.35688159 0.41454644 0.43588220 0.02002886
0.42867232 0.20996959 0.74904514 0.01904600
0.19751901 0.26283980 0.76707443 0.02112716
0.23624772 0.64598144 0.37329635 0.02126790
0.17452612 0.12974713 0.46775303 0.01922856
0.35355200 0.72159412 0.23663678 0.02292109
0.58098384 0.58996784 0.44516756 0.02168562
0.22167147 0.21570621 0.34204169 0.01976534
0.85544024 0.75687908 0.55280703 0.02013911
0.60820463 0.73687566 0.90056714 0.01929169
0.58396191 0.65811625 0.51900173 0.02452584
0.69356385 0.30026854 0.94296419 0.02258096
0.04780506 0.33647690 0.87757774 0.02200612
0.58053010 0.86815448 0.74316989 0.02149190
0.73927072 0.81424696 0.77308896 0.01936724
0.06692422 0.53843591 0.16870938 0.01993470
0.27737601 0.81374926 0.22303464 0.01963641
0.29368391 0.44352092 0.94742917 0.02209682
0.68486001 0.05781374 0.93969574 0.02089810
0.94751458 0.90267219 0.39248446 0.01958137
0.51002044 0.09662572 0.89120150 0.01947416
0.42742504 0.74299677 0.41717417 0.02109803
0.66723038 0.21817282 0.56645439 0.02235189
0.67608053 0.04969661 0.14778399 0.02131109
0.40384453 0.36261731 0.31536034 0.02039537
0.90313477 0.43402335 0.56283709 0.01976537
0.39085952 0.10620200 0.75980286 0.01913402
0.95143936 0.18732188 0.64764750 0.02190032
0.79806445 0.74239615 0.80502172 0.01982763
0.51893483 0.31956227 0.87570113 0.02119550
0.15980014 0.05721255 0.94250262 0.02114184
0.61776778 0.27670793 0.23886922 0.02178518
0.43367523 0.36498077 0.36515276 0.01926678
0.66056154 0.70748472 0.42163969 0.01911417
0.89853969 0.26138468 0.41401420 0.02297255
0.91223703 0.32144415 0.34223274 0.02103498
0.50249450 0.73848835 0.11409942 0.02140669
0.49552458 0.54071499 0.53899251 0.02014216
0.94647426 0.05817870 0.26666685 0.02024116
0.79262689 0.10308884 0.10007226 0.02000462
0.29709834 0.87571565 0.42089487 0.02083769
0.24366573 0.47368136 0.57021729 0.02080966
0.23641280 0.94131166 0.16669885 0.02408181
0.36618646 0.12544449 0.55257118 0.02168000
0.74044769 0.06056354 0.44676618 0.02444241
0.84781729 0.80430329 0.12768231 0.01929165
0.51287446 0.46166850 0.62491260 0.01908825
0.20952644 0.70709923 0.81635728 0.01976141
0.82412547 0.40407706 0.42530047 0.02059708
0.28387723 0.33053904 0.93320930 0.01963511
0.67853343 0.92435748 0.55746439 0.01916002
0.04750008 0.19987519 0.69397247 0.02045258
0.70755280 0.11661851 0.65806831 0.01972451
0.51876120 0.90188152 0.94441871 0.02046129
0.44749922 0.56986271 0.05740846 0.01948232
0.12054476 0.85049826 0.52330813 0.01983022
0.37217188 0.94675083 0.25175236 0.02257067
0.19873638 0.13202004 0.35455300 0.02357249
0.28333553 0.31955495 0.25352505 0.02285422
0.13177073 0.85998518 0.05739046 0.01974178
0.43917927 0.65922721 0.81386894 0.02283061
0.34615208 0.12670228 0.67772422 0.01979520
0.82868693 0.27741588 0.84275955 0.01915739
0.88797162 0.59838056 0.66085535 0.01992747
0.06260358 0.21679185 0.82541359 0.02437828
0.19974881 0.57925610 0.18167085 0.02081975
0.53500616 0.76138863 0.94633019 0.01929059
0.51917426 0.57632785 0.87351652 0.02290861
0.94242234 0.31109539 0.88631294 0.02301922
0.20358217 0.91474314 0.05397105 0.01921516
0.78957567 0.53114154 0.04902861 0.02217619
0.19208066 0.23030069 0.17772501 0.01956099
0.08676055 0.24374414 0.90246098 0.01958320
0.24087523 0.43041457 0.54085448 0.02164327
0.55077066 0.09100675 0.46095781 0.01932176
0.62982581 0.12670009 0.94741218 0.02375414
0.54487536 0.31862187 0.05235856 0.01983356
0.60451950 0.12071244 0.14662903 0.02083528
0.60272753 0.58441285 0.74157168 0.02066142
0.48356095 0.61133765 0.68875567 0.02117486
0.73622219 0.22572098 0.14344280 0.01962790
0.57630167 0.47790359 0.51908118 0.02007844
0.04995116 0.91002347 0.38814403 0.01935945
0.77721035 0.29033266 0.86081689 0.02135877
0.64958005 0.90200709 0.15703230 0.02351702
0.44704958 0.30318723 0.81150855 0.01984331
0.32163910 0.51015902 0.37331091 0.02071665
0.89333112 0.78733911 0.49258959 0.02187722
0.20451090 0.77797704 0.42258424 0.01979037
0.81014555 0.59243255 0.77723899 0.02165375
0.77071940 0.05685127 0.14578021 0.02116422
0.70348786 0.80151234 0.34105041 0.02262482
0.92250001 0.22190518 0.24503649 0.02013860
0.28884918 0.92923297 0.83473296 0.01974447
0.34796362 0.76333584 0.35599092 0.02157528
0.31031511 0.94499687 0.91524130 0.02121753
0.52784699 0.71240956 0.41225475 0.02035928
0.09267912 0.74001158 0.76482592 0.02163426
0.09858225 0.89307627 0.79376180 0.02115377
0.63424831 0.78846481 0.18666815 0.02026006
0.13509156 0.52958284 0.70944703 0.02143456
0.20601368 0.93994336 0.81549339 0.01917173
0.57870558 0.18953188 0.16914749 0.02133587
0.24090715 0.09673744 0.56485130 0.01928194
0.70457627 0.54840674 0.24878755 0.02134447
0.12020159 0.49821853 0.27361232 0.02163648
0.57524658 0.47994064 0.15290847 0.01959440
0.08882220 0.25119085 0.79247294 0.02110000
0.41936368 0.24815823 0.33207545 0.01927807
0.50239272 0.04946160 0.92681444 0.02373352
0.76774114 0.34721305 0.20155023 0.01912060
0.65955376 0.19911115 0.48150573 0.01901190
0.41129093 0.28788458 0.13856045 0.02257693
0.82200216 0.79220937 0.79161965 0.02769470
0.22543932 0.43385815 0.66096921 0.02089527
0.66654698 0.83101514 0.40696271 0.02807176
0.95463294 0.73332721 0.40064414 0.01982177
0.90371906 0.70216925 0.32453082 0.01927495
0.20562525 0.42151953 0.26832551 0.02261898
0.70618910 0.21448274 0.18046541 0.02014077
0.05631253 0.33153427 0.59203850 0.02064187
0.54822776 0.27000871 0.14362212 0.01981220
0.60861212 0.38017132 0.94890752 0.01910101
0.51032848 0.51118948 0.75371971 0.01941582
0.36162339 0.65964613 0.74145865 0.02035088
0.62043489 0.74937996 0.72534460 0.02436446
0.64655622 0.14102947 0.65406150 0.01983513
0.04806762 0.78106381 0.71870236 0.02120083
0.26252218 0.95280479 0.04678085 0.02085850
0.79285313 0.95035436 0.30230697 0.01945539
0.15928195 0.82675768 0.95124823 0.01943322
0.77953146 0.66843387 0.04704988 0.01922594
0.52744397 0.44017010 0.50869767 0.02138892
0.62823545 0.11563790 0.05240850 0.01910974
0.15457632 0.09077362 0.79511060 0.02002517
0.63285219 0.30888430 0.18533665 0.01994302
0.42238137 0.33357815 0.12604349 0.01982653
0.35094003 0.94652917 0.73678135 0.01966072
0.27133443 0.44054716 0.59900705 0.01904465
0.70699111 0.36337424 0.54686647 0.02011741
0.05005428 0.34756077 0.36298081 0.02241464
0.18462940 0.13697948 0.53499395 0.02024143
0.90229863 0.56032696 0.26894977 0.02096111
0.95224127 0.88228630 0.56761911 0.02149555
0.09961734 0.17319609 0.59440625 0.02015736
0.71427401 0.29635547 0.35254249 0.02150229
0.69243667 0.17476479 0.75115547 0.02074424
0.19001130 0.30021371 0.14089900 0.02473997
0.17567189 0.30493859 0.25133133 0.02039171
0.34478725 0.87490433 0.43808023 0.02000788
0.61797140 0.81837582 0.51306202 0.02227380
0.80372195 0.75026342 0.39840103 0.01959958
0.18069550 0.66990713 0.40649560 0.02172595
0.60858131 0.13766553 0.48706862 0.01968296
0.19248361 0.47453692 0.87473061 0.02035801
0.75805654 0.55862846 0.37199954 0.01904369
0.63232804 0.88890313 0.49021194 0.02167967
0.90235591 0.34498721 0.17715020 0.01913687
0.61298500 0.89872528 0.22586248 0.02151874
0.72673773 0.42050710 0.51561833 0.02304240
0.95134026 0.26290075 0.56417817 0.02239975
0.35489799 0.27233861 0.16781199 0.02130563
0.76979780 0.05472882 0.32534302 0.02047660
0.44498014 0.41411313 0.94698128 0.02550186
0.74757744 0.62876551 0.86239061 0.01910863
0.14585807 0.16771269 0.24805133 0.01934451
0.67440466 0.77142623 0.91254107 0.01989434
0.13914340 0.27377425 0.82096740 0.02233685
0.69136246 0.86691477 0.52459584 0.02449851
0.46852885 0.69094137 0.23229525 0.02277595
0.33234653 0.61626772 0.79516513 0.01982463
0.48590593 0.94991307 0.72060267 0.01935719
0.06639510 0.48984273 0.68229056 0.02543909
0.20315875 0.37376092 0.66223947 0.01970621
0.17593142 0.50086099 0.24597127 0.01946562
0.36610933 0.21129916 0.74999202 0.02191803
0.73957542 0.66389960 0.27063892 0.02059794
0.22612117 0.70666332 0.88927531 0.02083038
0.50854957 0.30149082 0.26558453 0.02052517
0.88366139 0.77958951 0.74626400 0.02165406
0.62733825 0.27719113 0.82859250 0.01925497
0.18454561 0.84386317 0.48388766 0.02163808
0.87206869 0.79797018 0.40706623 0.02161611
0.58956546 0.13393018 0.60542585 0.02527290
0.46020892 0.19246238 0.71545617 0.02057711
0.10784083 0.20105306 0.44306352 0.02036313
0.62615801 0.26112565 0.38079659 0.02487590
0.28996406 0.31706677 0.83295914 0.02192794
0.05075443 0.35648874 0.19125026 0.01902412
0.17112709 0.51685328 0.75406628 0.02234410
0.56222111 0.69428151 0.66451517 0.02162868
0.40525954 0.94383029 0.80929209 0.02164318
0.05048229 0.88514368 0.64401541 0.01915866
0.05909479 0.42727990 0.16715035 0.02430095
0.58245333 0.65630474 0.85209700 0.02043697
0.53403812 0.48141149 0.87109113 0.02088321
0.53283568 0.29562758 0.69250525 0.02010333
0.65252276 0.57224433 0.31687983 0.01916250
0.95408747 0.70318951 0.25400176 0.02000666
0.27922284 0.04652148 0.76181075 0.02029454
0.70878337 0.51365689 0.84241413 0.02212075
0.58508847 0.19647439 0.35988769 0.02006019
0.83860647 0.40497595 0.30726611 0.01985620
0.06507504 0.48607696 0.37451825 0.02138904
0.83877181 0.66815122 0.44102014 0.01915836
0.95140950 0.51994507 0.33501756 0.02204582
0.83577012 0.78623139 0.65414675 0.01955006
0.83205817 0.95272103 0.77582094 0.02099184
0.12653288 0.52878516 0.88976006 0.02263668
0.11661452 0.85995011 0.68604753 0.02030354
0.75629359 0.53741769 0.83616373 0.01925197
0.75541955 0.44923577 0.28231570 0.02216589
0.25953556 0.09892461 0.48530213 0.01914687
0.45858248 0.57684087 0.10186885 0.02168369
0.74353510 0.80400226 0.54996816 0.01965375
0.73128860 0.95000609 0.50764791 0.01977953
0.92013822 0.51989282 0.86123708 0.02284919
0.07653248 0.94703284 0.92978570 0.01921063
0.95214064 0.65558326 0.44495700 0.02144975
0.74315220 0.83373405 0.71831748 0.01942015
0.28587534 0.95218326 0.58216748 0.02108557
0.93781889 0.52762345 0.59086903 0.02051985
0.16581191 0.70528398 0.26051551 0.01994196
0.14336784 0.46963953 0.11292097 0.02027165
0.19751856 0.04978344 0.41332682 0.02062980
0.35955650 0.49814476 0.11107762 0.02030847
0.35210351 0.68658100 0.11384531 0.02013365
0.51961201 0.83160840 0.21167977 0.01907601
0.73285085 0.34230359 0.70089159 0.01952055
0.16458699 0.53310207 0.93725239 0.01938591
0.55040201 0.93062313 0.04626440 0.01906365
0.30245020 0.49835965 0.29550982 0.02359234
0.19633724 0.39318744 0.38066301 0.02101625
0.66953121 0.36704775 0.14702166 0.01910289
0.64467513 0.07699727 0.22790164 0.02132704
0.95210313 0.77892781 0.40524846 0.01904835
0.94356394 0.89323522 0.92098948 0.01911258
0.70915052 0.70482739 0.70590971 0.02066312
0.11381650 0.72585605 0.11342197 0.01972209
0.50472435 0.54948308 0.69582714 0.02333553
0.28745983 0.36642560 0.23091244 0.02352838
0.61379269 0.30609754 0.47013621 0.02579220
0.89497767 0.51557544 0.04973233 0.02132695
0.52429273 0.27204811 0.53997485 0.01997819
0.05128115 0.65538574 0.52124809 0.02128031
0.28232486 0.77445571 0.83463301 0.02031548
0.04587347 0.14433315 0.44743972 0.02023682
0.04886165 0.74652349 0.58959920 0.02054440
0.34651780 0.43252176 0.94992968 0.01959750
0.57151950 0.83182499 0.41728656 0.02192494
0.07241641 0.94755805 0.18241908 0.01974437
0.22998629 0.84371626 0.28366427 0.02082028
0.65777576 0.84374695 0.90257412 0.02153378
0.94963131 0.88642479 0.33590430 0.02064464
0.72163922 0.69365516 0.31541942 0.02119738
0.89094560 0.63346569 0.78250209 0.02219276
0.06070256 0.94601340 0.80831480 0.02293702
0.85276966 0.47617527 0.95317423 0.02011068
0.58729534 0.83596072 0.25954860 0.02123973
0.20899201 0.12416922 0.05321483 0.01970196
0.20316833 0.18674009 0.11550517 0.01956135
0.54980516 0.05388867 0.84813510 0.02023721
0.95481613 0.43227110 0.31197476 0.01902683
0.46805826 0.25439297 0.34903146 0.01918464
0.56598729 0.54423986 0.57571401 0.01988383
0.37571008 0.52819934 0.79385994 0.01918921
0.07624633 0.07723105 0.13662980 0.02194861
0.11806536 0.08858806 0.67991463 0.02155244
0.20687805 0.94666685 0.86256109 0.01928214
0.07983625 0.95205974 0.24087895 0.01902482
0.95157814 0.92835487 0.51040296 0.02193728
0.55676154 0.43684132 0.88509054 0.02211972
0.57187306 0.48656574 0.72910294 0.02084587
0.67928111 0.23418000 0.25607141 0.01966417
0.90355373 0.59796303 0.05139948 0.02273776
0.70854245 0.12313422 0.87836586 0.02224303
0.45702859 0.23148518 0.89083237 0.01904262
0.77300594 0.88239526 0.63351906 0.02435909
0.73668549 0.40045898 0.62043426 0.02553999
0.69452889 0.23692359 0.52598400 0.01934847
0.16766588 0.24310941 0.73556350 0.01938043
0.53320427 0.04851736 0.54764670 0.02170350
0.26617474 0.31268983 0.45481409 0.02060326
0.46822654 0.52915983 0.18209471 0.02112623
0.87735834 0.05142966 0.55814318 0.02015221
0.71950187 0.44572865 0.39205867 0.01920318
0.65828569 0.88577932 0.67825856 0.01972877
0.59256956 0.87858079 0.80181399 0.02309540
0.66974829 0.28443845 0.63521708 0.02001259
0.28192730 0.28008806 0.76239332 0.01964807
0.58058766 0.12032060 0.20790038 0.02213616
0.10998515 0.13706287 0.17777221 0.02321082
0.62977210 0.74110136 0.84307740 0.02354467
0.91496615 0.20658401 0.67682490 0.01974451
0.95166562 0.54994594 0.37342047 0.02080887
0.70661184 0.85847392 0.15202185 0.02270542
0.12394482 0.22745349 0.31265998 0.01960095
0.41890476 0.59762922 0.35807670 0.02206676
0.43404264 0.22299380 0.56943964 0.02088941
0.47676546 0.94334701 0.54678703 0.01978624
0.70053018 0.13060095 0.57085436 0.02114002
0.34105526 0.57477212 0.69879377 0.02154763
0.12113007 0.16439659 0.53095848 0.02089940
0.79699509 0.75021961 0.62281586 0.01919936
0.52823607 0.26514165 0.88441984 0.02276661
0.48696500 0.94972490 0.05249152 0.01980668
0.25451598 0.10545750 0.76338973 0.02032275
0.80377855 0.61153151 0.32823106 0.01959493
0.13423674 0.84259642 0.37731317 0.01913658
0.62067096 0.52708336 0.05463907 0.01916565
0.64445013 0.77253783 0.94818493 0.02059419
0.06181528 0.79221741 0.20859317 0.01984157
0.31589296 0.45967489 0.88689667 0.02040747
0.06189787 0.43953723 0.66992524 0.01950921
0.42226686 0.55727333 0.63406730 0.01910250
0.82329214 0.41556876 0.20731395 0.02008163
0.24771773 0.48422844 0.31922880 0.01944291
0.22120449 0.36103564 0.04902247 0.01930702
0.48861976 0.62215994 0.35451034 0.01986630
0.29503339 0.12085039 0.82813870 0.01954530
0.94955790 0.53008622 0.51504321 0.01901845
0.70697532 0.63881007 0.55174414 0.02003984
0.06767130 0.20733885 0.75434169 0.02026397
0.51601724 0.19312073 0.13096677 0.02189679
0.88220522 0.29704644 0.72162573 0.01930033
0.48155236 0.34882508 0.05175534 0.01903178
0.63559371 0.41868274 0.83269097 0.02110090
0.05479178 0.24718149 0.04781377 0.02176340
0.51362662 0.74880616 0.80258472 0.02286226
0.21236943 0.04868700 0.32111780 0.01982077
0.61096951 0.25123407 0.95280483 0.01905565
0.79836237 0.61128042 0.14501456 0.02102610
0.62752029 0.77035037 0.64832757 0.02111868
0.35520917 0.45314487 0.56018233 0.02063051
0.89781853 0.70263082 0.54055501 0.02384520
0.95155574 0.48224681 0.53220373 0.01929054
0.88989803 0.37030664 0.86194092 0.02117520
0.46996303 0.57627191 0.49558897 0.02135421
0.35645393 0.90506067 0.16011606 0.02259475
0.43526441 0.58264800 0.53308334 0.02170175
0.33472179 0.18028189 0.95383019 0.01973190
0.54475065 0.30319545 0.61669371 0.02019319
0.83669396 0.78970651 0.31629413 0.01929046
0.82174238 0.86254931 0.52268194 0.02032454
0.40128388 0.73354912 0.24816352 0.01918441
0.31795659 0.23731625 0.49204919 0.02093059
0.93367385 0.95044715 0.31253502 0.02055963
0.85162245 0.86208143 0.56700313 0.02162930
0.70040216 0.73785149 0.88129246 0.02003996
0.94314457 0.60939813 0.44549143 0.01915918
0.23662629 0.58342007 0.78293543 0.02128235
0.44864703 0.48175271 0.79034407 0.01976799
0.33311078 0.17686899 0.85363033 0.02030676
0.75497063 0.59429140 0.52174563 0.01902106
0.25309506 0.45133100 0.47423972 0.02369497
